,r1,r2,p1,p2,gesture
0,-4.0,-4.0,0.0,3.0,0.0
1,-2.0,-6.0,-1.0,3.0,0.0
2,-1.0,-9.0,-2.0,4.0,0.0
3,-2.0,-12.0,-4.0,5.0,0.0
4,-2.0,-16.0,-5.0,5.0,0.0
5,-1.0,-17.0,-6.0,6.0,0.0
6,-1.0,-19.0,-7.0,6.0,0.0
7,0.0,-20.0,-9.0,7.0,0.0
8,0.0,-22.0,-9.0,6.0,0.0
9,0.0,-21.0,-11.0,7.0,0.0
10,4.0,-22.0,-11.0,5.0,0.0
11,8.0,-21.0,-11.0,3.0,0.0
12,13.0,-23.0,-11.0,-1.0,0.0
13,17.0,-27.0,-12.0,-3.0,0.0
14,22.0,-28.0,-12.0,-7.0,0.0
15,25.0,-29.0,-13.0,-9.0,0.0
16,25.0,-30.0,-14.0,-9.0,0.0
17,24.0,-31.0,-16.0,-9.0,0.0
18,25.0,-30.0,-16.0,-8.0,0.0
19,23.0,-32.0,-16.0,-5.0,0.0
20,18.0,-37.0,-16.0,0.0,0.0
21,16.0,-41.0,-18.0,1.0,0.0
22,13.0,-44.0,-22.0,2.0,0.0
23,11.0,-47.0,-25.0,4.0,0.0
24,12.0,-48.0,-28.0,4.0,0.0
25,10.0,-49.0,-28.0,6.0,0.0
26,9.0,-46.0,-22.0,10.0,0.0
27,6.0,-41.0,-11.0,16.0,0.0
28,4.0,-39.0,-8.0,15.0,0.0
29,3.0,-38.0,-7.0,15.0,0.0
30,4.0,-35.0,-8.0,12.0,0.0
31,5.0,-34.0,-9.0,9.0,0.0
32,5.0,-34.0,-10.0,7.0,0.0
33,5.0,-34.0,-10.0,5.0,0.0
34,6.0,-34.0,-11.0,4.0,0.0
35,5.0,-34.0,-11.0,3.0,0.0
36,6.0,-34.0,-11.0,1.0,0.0
37,7.0,-34.0,-11.0,0.0,0.0
38,7.0,-34.0,-12.0,-1.0,0.0
39,8.0,-34.0,-12.0,-2.0,0.0
40,8.0,-34.0,-12.0,-3.0,0.0
41,9.0,-34.0,-12.0,-4.0,0.0
42,9.0,-34.0,-12.0,-5.0,0.0
43,9.0,-34.0,-12.0,-6.0,0.0
44,10.0,-34.0,-12.0,-7.0,0.0
45,10.0,-34.0,-12.0,-7.0,0.0
46,10.0,-34.0,-12.0,-8.0,0.0
47,10.0,-35.0,-13.0,-8.0,0.0
48,11.0,-35.0,-13.0,-9.0,0.0
49,11.0,-35.0,-13.0,-10.0,0.0
50,11.0,-35.0,-13.0,-11.0,0.0
51,12.0,-35.0,-13.0,-11.0,0.0
52,12.0,-35.0,-13.0,-12.0,0.0
53,12.0,-35.0,-13.0,-12.0,0.0
54,12.0,-35.0,-13.0,-13.0,0.0
55,12.0,-35.0,-13.0,-13.0,0.0
56,12.0,-36.0,-13.0,-14.0,0.0
57,13.0,-36.0,-13.0,-14.0,0.0
58,13.0,-36.0,-14.0,-14.0,0.0
59,13.0,-36.0,-14.0,-15.0,0.0
60,13.0,-36.0,-14.0,-15.0,0.0
61,13.0,-36.0,-14.0,-16.0,0.0
62,13.0,-36.0,-14.0,-16.0,0.0
63,14.0,-36.0,-14.0,-17.0,0.0
64,14.0,-36.0,-14.0,-17.0,0.0
65,14.0,-36.0,-14.0,-17.0,0.0
66,14.0,-36.0,-14.0,-18.0,0.0
67,14.0,-37.0,-14.0,-18.0,0.0
68,14.0,-37.0,-14.0,-18.0,0.0
69,14.0,-37.0,-14.0,-19.0,0.0
70,14.0,-37.0,-14.0,-19.0,0.0
71,14.0,-37.0,-14.0,-19.0,0.0
72,14.0,-37.0,-14.0,-19.0,0.0
73,15.0,-37.0,-14.0,-20.0,0.0
74,15.0,-37.0,-14.0,-20.0,0.0
75,15.0,-37.0,-14.0,-20.0,0.0
76,15.0,-37.0,-14.0,-20.0,0.0
77,16.0,-37.0,-14.0,-20.0,0.0
78,17.0,-36.0,-14.0,-19.0,0.0
79,18.0,-35.0,-14.0,-19.0,0.0
80,20.0,-35.0,-13.0,-18.0,0.0
81,21.0,-35.0,-12.0,-17.0,0.0
82,20.0,-36.0,-10.0,-16.0,0.0
83,19.0,-37.0,-9.0,-16.0,0.0
84,20.0,-37.0,-8.0,-15.0,0.0
85,20.0,-38.0,-8.0,-15.0,0.0
86,19.0,-38.0,-9.0,-15.0,0.0
87,19.0,-39.0,-9.0,-15.0,0.0
88,19.0,-39.0,-9.0,-15.0,0.0
89,19.0,-40.0,-10.0,-15.0,0.0
90,18.0,-40.0,-9.0,-15.0,0.0
91,20.0,-36.0,-10.0,-15.0,0.0
92,20.0,-35.0,-9.0,-14.0,0.0
93,21.0,-34.0,-9.0,-14.0,0.0
94,22.0,-33.0,-9.0,-14.0,0.0
95,23.0,-33.0,-8.0,-14.0,0.0
96,26.0,-38.0,-8.0,-9.0,0.0
97,29.0,-36.0,-8.0,-8.0,0.0
98,30.0,-35.0,-8.0,-7.0,0.0
99,31.0,-35.0,-8.0,-6.0,0.0
100,32.0,-35.0,-8.0,-5.0,0.0
101,33.0,-34.0,-7.0,-4.0,0.0
102,33.0,-34.0,-7.0,-3.0,0.0
103,34.0,-35.0,-7.0,-3.0,0.0
104,34.0,-36.0,-6.0,-2.0,0.0
105,33.0,-34.0,-5.0,-1.0,0.0
106,24.0,-42.0,-4.0,-5.0,0.0
107,23.0,-43.0,-6.0,-5.0,0.0
108,20.0,-43.0,-6.0,-8.0,0.0
109,18.0,-44.0,-7.0,-10.0,0.0
110,17.0,-43.0,-7.0,-11.0,0.0
111,16.0,-44.0,-7.0,-12.0,0.0
112,16.0,-44.0,-6.0,-13.0,0.0
113,17.0,-44.0,-6.0,-13.0,0.0
114,17.0,-44.0,-6.0,-12.0,0.0
115,18.0,-44.0,-6.0,-12.0,0.0
116,18.0,-44.0,-6.0,-12.0,0.0
117,17.0,-45.0,-5.0,-12.0,0.0
118,17.0,-45.0,-5.0,-12.0,0.0
119,17.0,-45.0,-5.0,-12.0,0.0
120,18.0,-45.0,-5.0,-12.0,0.0
121,18.0,-45.0,-5.0,-12.0,0.0
122,18.0,-45.0,-5.0,-12.0,0.0
123,18.0,-45.0,-5.0,-12.0,0.0
124,18.0,-45.0,-4.0,-12.0,0.0
125,18.0,-46.0,-4.0,-12.0,0.0
126,18.0,-46.0,-4.0,-12.0,0.0
127,18.0,-46.0,-4.0,-12.0,0.0
128,18.0,-46.0,-4.0,-13.0,0.0
129,18.0,-46.0,-4.0,-13.0,0.0
130,18.0,-46.0,-4.0,-13.0,0.0
131,19.0,-46.0,-4.0,-13.0,0.0
132,19.0,-46.0,-4.0,-13.0,0.0
133,19.0,-46.0,-4.0,-12.0,0.0
134,19.0,-46.0,-4.0,-12.0,0.0
135,19.0,-46.0,-4.0,-13.0,0.0
136,19.0,-46.0,-4.0,-12.0,0.0
137,19.0,-47.0,-4.0,-12.0,0.0
138,18.0,-47.0,-4.0,-13.0,0.0
139,18.0,-47.0,-4.0,-13.0,0.0
140,18.0,-47.0,-4.0,-13.0,0.0
141,18.0,-47.0,-4.0,-13.0,0.0
142,18.0,-47.0,-4.0,-13.0,0.0
143,18.0,-47.0,-4.0,-13.0,0.0
144,19.0,-47.0,-4.0,-13.0,0.0
145,19.0,-47.0,-4.0,-13.0,0.0
146,19.0,-47.0,-4.0,-13.0,0.0
147,19.0,-47.0,-4.0,-13.0,0.0
148,20.0,-48.0,-6.0,-13.0,0.0
149,19.0,-50.0,-11.0,-16.0,0.0
150,24.0,-47.0,-21.0,-19.0,0.0
151,32.0,-45.0,-27.0,-17.0,0.0
152,35.0,-44.0,-28.0,-15.0,0.0
153,34.0,-44.0,-27.0,-13.0,0.0
154,34.0,-44.0,-24.0,-12.0,0.0
155,34.0,-44.0,-23.0,-8.0,0.0
156,40.0,-42.0,-22.0,-4.0,0.0
157,39.0,-44.0,-27.0,-5.0,0.0
158,45.0,-39.0,-32.0,-5.0,0.0
159,45.0,-41.0,-33.0,-8.0,0.0
160,41.0,-42.0,-32.0,-11.0,0.0
161,42.0,-39.0,-28.0,-12.0,0.0
162,41.0,-36.0,-25.0,-11.0,0.0
163,44.0,-27.0,-19.0,-11.0,0.0
164,48.0,-34.0,-14.0,-15.0,0.0
165,51.0,-33.0,-11.0,-15.0,0.0
166,51.0,-34.0,-11.0,-14.0,0.0
167,51.0,-35.0,-13.0,-13.0,0.0
168,59.0,-34.0,-13.0,-12.0,0.0
169,55.0,-35.0,-21.0,-7.0,0.0
170,51.0,-37.0,-25.0,-6.0,0.0
171,54.0,-36.0,-24.0,-8.0,0.0
172,61.0,-31.0,-23.0,-7.0,0.0
173,66.0,-31.0,-23.0,-6.0,0.0
174,69.0,-31.0,-24.0,-7.0,0.0
175,69.0,-27.0,-24.0,-4.0,0.0
176,64.0,-23.0,-20.0,-4.0,0.0
177,65.0,-24.0,-21.0,-4.0,0.0
178,66.0,-26.0,-23.0,-4.0,0.0
179,67.0,-25.0,-25.0,-4.0,0.0
180,64.0,-25.0,-23.0,-4.0,0.0
181,60.0,-27.0,-15.0,-6.0,0.0
182,54.0,-32.0,-13.0,-6.0,0.0
183,51.0,-37.0,-16.0,-4.0,0.0
184,49.0,-38.0,-18.0,-1.0,0.0
185,48.0,-38.0,-19.0,1.0,0.0
186,45.0,-40.0,-16.0,0.0,0.0
187,48.0,-39.0,-14.0,0.0,0.0
188,47.0,-37.0,-13.0,0.0,0.0
189,51.0,-37.0,-12.0,-1.0,0.0
190,54.0,-36.0,-13.0,0.0,0.0
191,55.0,-37.0,-14.0,2.0,0.0
192,53.0,-36.0,-21.0,3.0,0.0
193,48.0,-38.0,-18.0,2.0,0.0
194,47.0,-39.0,-17.0,1.0,0.0
195,52.0,-39.0,-17.0,1.0,0.0
196,54.0,-35.0,-17.0,1.0,0.0
197,57.0,-30.0,-19.0,3.0,0.0
198,55.0,-31.0,-19.0,4.0,0.0
199,53.0,-31.0,-12.0,1.0,0.0
200,51.0,-33.0,-13.0,0.0,0.0
201,55.0,-32.0,-12.0,2.0,0.0
202,54.0,-27.0,-14.0,11.0,0.0
203,51.0,-28.0,-22.0,11.0,0.0
204,54.0,-27.0,-22.0,9.0,0.0
205,56.0,-28.0,-21.0,10.0,0.0
206,55.0,-31.0,-23.0,11.0,0.0
207,55.0,-33.0,-25.0,11.0,0.0
208,59.0,-27.0,-26.0,12.0,0.0
209,58.0,-28.0,-26.0,11.0,0.0
210,58.0,-28.0,-25.0,11.0,0.0
211,60.0,-26.0,-24.0,11.0,0.0
212,61.0,-25.0,-23.0,11.0,0.0
213,60.0,-27.0,-25.0,9.0,0.0
214,60.0,-27.0,-24.0,10.0,0.0
215,60.0,-26.0,-21.0,11.0,0.0
216,60.0,-26.0,-21.0,10.0,0.0
217,60.0,-27.0,-20.0,9.0,0.0
218,61.0,-26.0,-18.0,9.0,0.0
219,65.0,-22.0,-16.0,7.0,0.0
220,69.0,-20.0,-14.0,6.0,0.0
221,70.0,-18.0,-13.0,6.0,0.0
222,70.0,-18.0,-12.0,7.0,0.0
223,70.0,-18.0,-13.0,7.0,0.0
224,71.0,-18.0,-13.0,8.0,0.0
225,71.0,-18.0,-13.0,8.0,0.0
226,71.0,-18.0,-13.0,8.0,0.0
227,71.0,-18.0,-13.0,9.0,0.0
228,70.0,-18.0,-12.0,9.0,0.0
229,69.0,-17.0,-11.0,9.0,0.0
230,67.0,-18.0,-10.0,10.0,0.0
231,65.0,-18.0,-8.0,10.0,0.0
232,62.0,-18.0,-4.0,10.0,0.0
233,62.0,-20.0,-5.0,8.0,0.0
234,61.0,-21.0,-4.0,6.0,0.0
235,58.0,-24.0,-5.0,7.0,0.0
236,58.0,-27.0,-7.0,6.0,0.0
237,55.0,-30.0,-10.0,4.0,0.0
238,55.0,-32.0,-13.0,3.0,0.0
239,53.0,-33.0,-17.0,6.0,0.0
240,56.0,-31.0,-14.0,4.0,0.0
241,54.0,-32.0,-13.0,4.0,0.0
242,54.0,-32.0,-13.0,5.0,0.0
243,53.0,-34.0,-14.0,5.0,0.0
244,55.0,-34.0,-13.0,5.0,0.0
245,54.0,-37.0,-13.0,8.0,0.0
246,54.0,-40.0,-14.0,11.0,0.0
247,55.0,-42.0,-15.0,11.0,0.0
248,54.0,-44.0,-19.0,7.0,0.0
249,50.0,-47.0,-24.0,1.0,0.0
250,47.0,-47.0,-25.0,-3.0,0.0
251,48.0,-46.0,-23.0,-1.0,0.0
252,49.0,-45.0,-22.0,1.0,0.0
253,50.0,-44.0,-21.0,4.0,0.0
254,50.0,-45.0,-22.0,4.0,0.0
255,49.0,-42.0,-23.0,-2.0,0.0
256,52.0,-38.0,-23.0,-3.0,0.0
257,49.0,-33.0,-19.0,-4.0,0.0
258,46.0,-36.0,-17.0,-2.0,0.0
259,46.0,-36.0,-17.0,-1.0,0.0
260,45.0,-36.0,-19.0,-1.0,0.0
261,43.0,-35.0,-18.0,0.0,0.0
262,43.0,-34.0,-21.0,2.0,0.0
263,46.0,-31.0,-24.0,1.0,0.0
264,45.0,-28.0,-22.0,0.0,0.0
265,43.0,-30.0,-22.0,-1.0,0.0
266,43.0,-30.0,-22.0,0.0,0.0
267,42.0,-30.0,-24.0,2.0,0.0
268,43.0,-29.0,-26.0,5.0,0.0
269,42.0,-31.0,-28.0,7.0,0.0
270,42.0,-33.0,-28.0,7.0,0.0
271,40.0,-33.0,-28.0,8.0,0.0
272,40.0,-32.0,-30.0,10.0,0.0
273,40.0,-32.0,-27.0,10.0,0.0
274,39.0,-33.0,-27.0,11.0,0.0
275,41.0,-33.0,-30.0,12.0,0.0
276,40.0,-33.0,-33.0,10.0,0.0
277,40.0,-34.0,-31.0,10.0,0.0
278,40.0,-34.0,-31.0,11.0,0.0
279,41.0,-34.0,-34.0,11.0,0.0
280,41.0,-35.0,-34.0,10.0,0.0
281,41.0,-35.0,-33.0,10.0,0.0
282,42.0,-35.0,-31.0,10.0,0.0
283,43.0,-34.0,-29.0,10.0,0.0
284,42.0,-34.0,-29.0,11.0,0.0
285,40.0,-37.0,-30.0,11.0,0.0
286,35.0,-39.0,-33.0,14.0,0.0
287,33.0,-40.0,-34.0,16.0,0.0
288,30.0,-41.0,-35.0,16.0,0.0
289,28.0,-43.0,-39.0,14.0,0.0
290,29.0,-42.0,-34.0,14.0,0.0
291,31.0,-42.0,-34.0,13.0,0.0
292,32.0,-42.0,-34.0,12.0,0.0
293,33.0,-41.0,-34.0,12.0,0.0
294,32.0,-41.0,-34.0,14.0,0.0
295,29.0,-42.0,-36.0,16.0,0.0
296,28.0,-45.0,-37.0,14.0,0.0
297,28.0,-44.0,-33.0,15.0,0.0
298,29.0,-44.0,-30.0,14.0,0.0
299,31.0,-44.0,-29.0,12.0,0.0
300,34.0,-43.0,-26.0,10.0,0.0
301,37.0,-41.0,-24.0,9.0,0.0
302,39.0,-42.0,-24.0,7.0,0.0
303,42.0,-40.0,-23.0,7.0,0.0
304,41.0,-39.0,-21.0,8.0,0.0
305,40.0,-40.0,-22.0,9.0,0.0
306,41.0,-38.0,-19.0,9.0,0.0
307,48.0,-32.0,-14.0,9.0,0.0
308,52.0,-26.0,-13.0,13.0,0.0
309,56.0,-23.0,-14.0,16.0,0.0
310,56.0,-24.0,-14.0,16.0,0.0
311,59.0,-24.0,-17.0,16.0,0.0
312,59.0,-17.0,-27.0,17.0,0.0
313,63.0,-19.0,-21.0,18.0,0.0
314,66.0,-23.0,-19.0,14.0,0.0
315,70.0,-22.0,-22.0,15.0,0.0
316,68.0,-20.0,-26.0,14.0,0.0
317,65.0,-21.0,-25.0,14.0,0.0
318,62.0,-18.0,-18.0,16.0,0.0
319,61.0,-21.0,-20.0,16.0,0.0
320,59.0,-23.0,-22.0,15.0,0.0
321,59.0,-24.0,-22.0,15.0,0.0
322,59.0,-26.0,-22.0,14.0,0.0
323,59.0,-26.0,-21.0,14.0,0.0
324,60.0,-26.0,-21.0,13.0,0.0
325,60.0,-28.0,-22.0,13.0,0.0
326,61.0,-27.0,-22.0,13.0,0.0
327,62.0,-25.0,-22.0,13.0,0.0
328,63.0,-24.0,-21.0,13.0,0.0
329,64.0,-23.0,-21.0,12.0,0.0
330,66.0,-22.0,-22.0,12.0,0.0
331,71.0,-16.0,-22.0,10.0,0.0
332,74.0,-15.0,-19.0,10.0,0.0
333,76.0,-15.0,-19.0,9.0,0.0
334,76.0,-14.0,-19.0,11.0,0.0
335,77.0,-16.0,-20.0,11.0,0.0
336,75.0,-16.0,-19.0,10.0,0.0
337,75.0,-15.0,-18.0,9.0,0.0
338,76.0,-13.0,-16.0,10.0,0.0
339,76.0,-13.0,-16.0,11.0,0.0
340,74.0,-13.0,-15.0,12.0,0.0
341,72.0,-18.0,-21.0,14.0,0.0
342,69.0,-23.0,-22.0,14.0,0.0
343,68.0,-25.0,-21.0,13.0,0.0
344,67.0,-25.0,-22.0,13.0,0.0
345,66.0,-25.0,-22.0,13.0,0.0
346,65.0,-28.0,-22.0,13.0,0.0
347,65.0,-30.0,-22.0,12.0,0.0
348,65.0,-31.0,-22.0,12.0,0.0
349,65.0,-31.0,-22.0,12.0,0.0
350,64.0,-32.0,-22.0,11.0,0.0
351,64.0,-32.0,-22.0,11.0,0.0
352,63.0,-31.0,-22.0,11.0,0.0
353,63.0,-32.0,-23.0,11.0,0.0
354,63.0,-32.0,-23.0,11.0,0.0
355,63.0,-32.0,-23.0,12.0,0.0
356,62.0,-32.0,-24.0,12.0,0.0
357,60.0,-34.0,-24.0,12.0,0.0
358,60.0,-34.0,-24.0,13.0,0.0
359,58.0,-35.0,-25.0,15.0,0.0
360,57.0,-34.0,-26.0,16.0,0.0
361,55.0,-35.0,-27.0,16.0,0.0
362,54.0,-35.0,-28.0,17.0,0.0
363,54.0,-36.0,-29.0,16.0,0.0
364,54.0,-35.0,-28.0,16.0,0.0
365,54.0,-35.0,-28.0,15.0,0.0
366,55.0,-36.0,-28.0,14.0,0.0
367,56.0,-36.0,-28.0,13.0,0.0
368,56.0,-36.0,-27.0,13.0,0.0
369,57.0,-36.0,-30.0,12.0,0.0
370,56.0,-36.0,-29.0,14.0,0.0
371,56.0,-36.0,-29.0,14.0,0.0
372,56.0,-34.0,-33.0,14.0,0.0
373,54.0,-36.0,-32.0,14.0,0.0
374,55.0,-35.0,-31.0,15.0,0.0
375,55.0,-36.0,-34.0,14.0,0.0
376,55.0,-35.0,-34.0,14.0,0.0
377,54.0,-35.0,-33.0,15.0,0.0
378,54.0,-35.0,-32.0,15.0,0.0
379,55.0,-34.0,-31.0,15.0,0.0
380,55.0,-35.0,-31.0,16.0,0.0
381,54.0,-35.0,-32.0,16.0,0.0
382,54.0,-35.0,-33.0,17.0,0.0
383,54.0,-35.0,-33.0,17.0,0.0
384,54.0,-35.0,-33.0,17.0,0.0
385,54.0,-35.0,-34.0,17.0,0.0
386,54.0,-35.0,-34.0,17.0,0.0
387,53.0,-35.0,-35.0,17.0,0.0
388,53.0,-35.0,-35.0,17.0,0.0
389,53.0,-35.0,-35.0,17.0,0.0
390,53.0,-35.0,-35.0,17.0,0.0
391,53.0,-35.0,-36.0,17.0,0.0
392,53.0,-34.0,-36.0,17.0,0.0
393,53.0,-34.0,-37.0,17.0,0.0
394,54.0,-34.0,-37.0,17.0,0.0
395,54.0,-34.0,-38.0,18.0,0.0
396,54.0,-34.0,-38.0,18.0,0.0
397,54.0,-33.0,-38.0,19.0,0.0
398,53.0,-33.0,-38.0,19.0,0.0
399,52.0,-34.0,-39.0,19.0,0.0
400,51.0,-36.0,-39.0,20.0,0.0
401,51.0,-38.0,-39.0,19.0,0.0
402,51.0,-39.0,-39.0,17.0,0.0
403,52.0,-39.0,-39.0,16.0,0.0
404,51.0,-40.0,-40.0,15.0,0.0
405,51.0,-40.0,-41.0,14.0,0.0
406,51.0,-40.0,-40.0,14.0,0.0
407,51.0,-40.0,-41.0,14.0,0.0
408,50.0,-40.0,-41.0,14.0,0.0
409,50.0,-40.0,-42.0,14.0,0.0
410,50.0,-39.0,-44.0,15.0,0.0
411,49.0,-39.0,-45.0,15.0,0.0
412,49.0,-40.0,-45.0,14.0,0.0
413,50.0,-40.0,-46.0,13.0,0.0
414,50.0,-38.0,-47.0,13.0,0.0
415,49.0,-38.0,-47.0,12.0,0.0
416,49.0,-38.0,-48.0,12.0,0.0
417,49.0,-37.0,-49.0,12.0,0.0
418,49.0,-37.0,-48.0,12.0,0.0
419,49.0,-37.0,-49.0,12.0,0.0
420,49.0,-38.0,-48.0,12.0,0.0
421,49.0,-38.0,-48.0,12.0,0.0
422,49.0,-38.0,-46.0,11.0,0.0
423,49.0,-38.0,-47.0,11.0,0.0
424,49.0,-38.0,-47.0,11.0,0.0
425,49.0,-38.0,-47.0,11.0,0.0
426,49.0,-39.0,-48.0,10.0,0.0
427,49.0,-38.0,-48.0,10.0,0.0
428,50.0,-38.0,-48.0,10.0,0.0
429,50.0,-38.0,-48.0,10.0,0.0
430,49.0,-38.0,-48.0,10.0,0.0
431,49.0,-38.0,-48.0,10.0,0.0
432,50.0,-39.0,-48.0,9.0,0.0
433,50.0,-38.0,-47.0,9.0,0.0
434,50.0,-38.0,-47.0,9.0,0.0
435,50.0,-38.0,-47.0,8.0,0.0
436,51.0,-39.0,-47.0,8.0,0.0
437,51.0,-38.0,-47.0,8.0,0.0
438,51.0,-38.0,-47.0,8.0,0.0
439,50.0,-38.0,-48.0,9.0,0.0
440,50.0,-37.0,-48.0,9.0,0.0
441,50.0,-37.0,-48.0,9.0,0.0
442,50.0,-37.0,-49.0,9.0,0.0
443,50.0,-37.0,-49.0,9.0,0.0
444,50.0,-36.0,-49.0,9.0,0.0
445,50.0,-36.0,-49.0,10.0,0.0
446,49.0,-36.0,-50.0,10.0,0.0
447,49.0,-37.0,-49.0,10.0,0.0
448,49.0,-37.0,-49.0,10.0,0.0
449,50.0,-37.0,-50.0,9.0,0.0
450,50.0,-37.0,-50.0,8.0,0.0
451,50.0,-37.0,-48.0,9.0,0.0
452,50.0,-38.0,-49.0,7.0,0.0
453,50.0,-36.0,-50.0,7.0,0.0
454,49.0,-36.0,-50.0,8.0,0.0
455,50.0,-36.0,-49.0,8.0,0.0
456,50.0,-36.0,-49.0,8.0,0.0
457,50.0,-36.0,-46.0,8.0,0.0
458,50.0,-37.0,-45.0,8.0,0.0
459,49.0,-38.0,-45.0,7.0,0.0
460,49.0,-38.0,-45.0,6.0,0.0
461,49.0,-38.0,-45.0,7.0,0.0
462,49.0,-39.0,-46.0,6.0,0.0
463,48.0,-40.0,-46.0,6.0,0.0
464,48.0,-40.0,-46.0,6.0,0.0
465,48.0,-40.0,-46.0,6.0,0.0
466,48.0,-40.0,-46.0,5.0,0.0
467,48.0,-40.0,-46.0,5.0,0.0
468,48.0,-40.0,-46.0,5.0,0.0
469,48.0,-40.0,-46.0,5.0,0.0
470,48.0,-40.0,-46.0,6.0,0.0
471,48.0,-40.0,-47.0,6.0,0.0
472,47.0,-41.0,-47.0,6.0,0.0
473,47.0,-41.0,-47.0,6.0,0.0
474,47.0,-41.0,-47.0,6.0,0.0
475,47.0,-41.0,-47.0,6.0,0.0
476,47.0,-41.0,-47.0,6.0,0.0
477,47.0,-40.0,-47.0,6.0,0.0
478,47.0,-41.0,-47.0,6.0,0.0
479,47.0,-41.0,-47.0,6.0,0.0
480,47.0,-41.0,-47.0,6.0,0.0
481,48.0,-40.0,-47.0,6.0,0.0
482,48.0,-40.0,-47.0,6.0,0.0
483,48.0,-41.0,-47.0,6.0,0.0
484,48.0,-41.0,-46.0,6.0,0.0
485,47.0,-41.0,-46.0,5.0,0.0
486,48.0,-41.0,-45.0,5.0,0.0
487,49.0,-41.0,-44.0,4.0,0.0
488,49.0,-42.0,-42.0,3.0,0.0
489,50.0,-45.0,-40.0,1.0,0.0
490,49.0,-46.0,-39.0,0.0,0.0
491,48.0,-45.0,-39.0,-3.0,0.0
492,52.0,-43.0,-39.0,-3.0,0.0
493,50.0,-42.0,-36.0,-2.0,0.0
494,48.0,-45.0,-30.0,-1.0,0.0
495,45.0,-48.0,-23.0,0.0,0.0
496,43.0,-52.0,-23.0,0.0,0.0
497,43.0,-50.0,-23.0,-2.0,0.0
498,42.0,-49.0,-22.0,-4.0,0.0
499,41.0,-49.0,-21.0,-4.0,0.0
500,41.0,-50.0,-20.0,-5.0,0.0
501,39.0,-54.0,-20.0,-3.0,0.0
502,36.0,-57.0,-23.0,-2.0,0.0
503,33.0,-59.0,-24.0,-1.0,0.0
504,33.0,-58.0,-27.0,-3.0,0.0
505,35.0,-57.0,-32.0,-5.0,0.0
506,37.0,-55.0,-38.0,-7.0,0.0
507,38.0,-52.0,-40.0,-9.0,0.0
508,38.0,-50.0,-40.0,-10.0,0.0
509,39.0,-49.0,-41.0,-12.0,0.0
510,39.0,-49.0,-42.0,-12.0,0.0
511,40.0,-49.0,-41.0,-13.0,0.0
512,40.0,-48.0,-41.0,-14.0,0.0
513,39.0,-48.0,-42.0,-14.0,0.0
514,39.0,-48.0,-43.0,-15.0,0.0
515,37.0,-48.0,-44.0,-15.0,0.0
516,36.0,-48.0,-45.0,-16.0,0.0
517,36.0,-47.0,-46.0,-16.0,0.0
518,36.0,-47.0,-46.0,-17.0,0.0
519,36.0,-47.0,-46.0,-17.0,0.0
520,35.0,-47.0,-48.0,-18.0,0.0
521,35.0,-46.0,-46.0,-18.0,0.0
522,35.0,-46.0,-45.0,-20.0,0.0
523,34.0,-45.0,-47.0,-20.0,0.0
524,32.0,-46.0,-49.0,-21.0,0.0
525,32.0,-45.0,-51.0,-21.0,0.0
526,32.0,-44.0,-51.0,-22.0,0.0
527,32.0,-42.0,-51.0,-22.0,0.0
528,33.0,-40.0,-50.0,-22.0,0.0
529,33.0,-39.0,-49.0,-22.0,0.0
530,35.0,-38.0,-47.0,-21.0,0.0
531,34.0,-37.0,-46.0,-19.0,0.0
532,34.0,-37.0,-47.0,-17.0,0.0
533,33.0,-37.0,-49.0,-16.0,0.0
534,33.0,-35.0,-50.0,-15.0,0.0
535,33.0,-36.0,-50.0,-16.0,0.0
536,30.0,-35.0,-48.0,-15.0,0.0
537,27.0,-35.0,-33.0,-14.0,0.0
538,25.0,-34.0,-34.0,-13.0,0.0
539,25.0,-35.0,-37.0,-14.0,0.0
540,25.0,-36.0,-37.0,-15.0,0.0
541,25.0,-35.0,-36.0,-14.0,0.0
542,26.0,-36.0,-36.0,-14.0,0.0
543,26.0,-36.0,-36.0,-15.0,0.0
544,27.0,-35.0,-35.0,-14.0,0.0
545,28.0,-35.0,-35.0,-14.0,0.0
546,28.0,-35.0,-35.0,-14.0,0.0
547,29.0,-35.0,-35.0,-14.0,0.0
548,30.0,-34.0,-35.0,-14.0,0.0
549,30.0,-33.0,-35.0,-14.0,0.0
550,31.0,-33.0,-35.0,-14.0,0.0
551,31.0,-32.0,-35.0,-14.0,0.0
552,31.0,-32.0,-35.0,-14.0,0.0
553,32.0,-32.0,-34.0,-13.0,0.0
554,32.0,-32.0,-34.0,-13.0,0.0
555,32.0,-32.0,-34.0,-13.0,0.0
556,32.0,-32.0,-35.0,-13.0,0.0
557,33.0,-32.0,-35.0,-14.0,0.0
558,35.0,-30.0,-35.0,-13.0,0.0
559,36.0,-29.0,-34.0,-12.0,0.0
560,36.0,-29.0,-34.0,-12.0,0.0
561,37.0,-29.0,-35.0,-13.0,0.0
562,38.0,-28.0,-34.0,-12.0,0.0
563,39.0,-28.0,-34.0,-12.0,0.0
564,40.0,-27.0,-34.0,-13.0,0.0
565,41.0,-26.0,-35.0,-14.0,0.0
566,41.0,-26.0,-35.0,-15.0,0.0
567,42.0,-25.0,-34.0,-15.0,0.0
568,41.0,-26.0,-34.0,-15.0,0.0
569,42.0,-26.0,-34.0,-16.0,0.0
570,42.0,-26.0,-35.0,-16.0,0.0
571,42.0,-26.0,-35.0,-16.0,0.0
572,42.0,-27.0,-35.0,-17.0,0.0
573,41.0,-27.0,-35.0,-17.0,0.0
574,39.0,-28.0,-35.0,-18.0,0.0
575,38.0,-29.0,-34.0,-18.0,0.0
576,38.0,-29.0,-35.0,-19.0,0.0
577,38.0,-29.0,-36.0,-19.0,0.0
578,38.0,-30.0,-36.0,-19.0,0.0
579,38.0,-30.0,-37.0,-20.0,0.0
580,38.0,-30.0,-37.0,-20.0,0.0
581,38.0,-30.0,-37.0,-20.0,0.0
582,38.0,-29.0,-37.0,-20.0,0.0
583,38.0,-29.0,-37.0,-19.0,0.0
584,38.0,-28.0,-37.0,-19.0,0.0
585,38.0,-28.0,-37.0,-19.0,0.0
586,39.0,-28.0,-37.0,-18.0,0.0
587,39.0,-27.0,-37.0,-19.0,0.0
588,40.0,-26.0,-37.0,-19.0,0.0
589,40.0,-26.0,-38.0,-19.0,0.0
590,40.0,-25.0,-38.0,-18.0,0.0
591,40.0,-25.0,-38.0,-18.0,0.0
592,40.0,-25.0,-38.0,-18.0,0.0
593,40.0,-25.0,-38.0,-17.0,0.0
594,40.0,-25.0,-38.0,-17.0,0.0
595,40.0,-24.0,-37.0,-17.0,0.0
596,41.0,-25.0,-38.0,-18.0,0.0
597,45.0,-24.0,-38.0,-19.0,0.0
598,52.0,-19.0,-30.0,-18.0,0.0
599,63.0,-9.0,-24.0,-15.0,0.0
600,69.0,-6.0,-21.0,-9.0,0.0
601,73.0,-1.0,-20.0,-5.0,0.0
602,70.0,-9.0,-15.0,-9.0,0.0
603,66.0,-18.0,-5.0,-12.0,0.0
604,63.0,-23.0,-3.0,-13.0,0.0
605,62.0,-24.0,-1.0,-13.0,0.0
606,63.0,-24.0,-2.0,-13.0,0.0
607,64.0,-21.0,-5.0,-16.0,0.0
608,68.0,-5.0,-7.0,-21.0,0.0
609,69.0,-5.0,-6.0,-13.0,0.0
610,69.0,-6.0,-6.0,-12.0,0.0
611,69.0,-9.0,-6.0,-11.0,0.0
612,70.0,-9.0,-6.0,-10.0,0.0
613,71.0,-10.0,-6.0,-10.0,0.0
614,71.0,-10.0,-6.0,-9.0,0.0
615,71.0,-9.0,-7.0,-9.0,0.0
616,72.0,-9.0,-7.0,-8.0,0.0
617,72.0,-9.0,-7.0,-8.0,0.0
618,72.0,-9.0,-7.0,-8.0,0.0
619,73.0,-8.0,-8.0,-8.0,0.0
620,71.0,-9.0,-10.0,-9.0,0.0
621,65.0,-12.0,-14.0,-8.0,0.0
622,61.0,-18.0,-13.0,-9.0,0.0
623,53.0,-23.0,-14.0,-6.0,0.0
624,47.0,-25.0,-13.0,-5.0,0.0
625,42.0,-28.0,-14.0,-6.0,0.0
626,41.0,-29.0,-15.0,-5.0,0.0
627,40.0,-30.0,-16.0,-5.0,0.0
628,38.0,-30.0,-16.0,-5.0,0.0
629,36.0,-31.0,-17.0,-5.0,0.0
630,35.0,-32.0,-12.0,-5.0,0.0
631,38.0,-30.0,-11.0,-5.0,0.0
632,38.0,-31.0,-12.0,-5.0,0.0
633,39.0,-31.0,-13.0,-4.0,0.0
634,37.0,-32.0,-13.0,-3.0,0.0
635,35.0,-33.0,-13.0,-2.0,0.0
636,34.0,-34.0,-12.0,-2.0,0.0
637,33.0,-36.0,-19.0,-2.0,0.0
638,34.0,-36.0,-16.0,-2.0,0.0
639,34.0,-35.0,-13.0,-1.0,0.0
640,37.0,-34.0,-11.0,-3.0,0.0
641,41.0,-31.0,-13.0,-4.0,0.0
642,44.0,-28.0,-15.0,-4.0,0.0
643,43.0,-27.0,-17.0,-5.0,0.0
644,43.0,-26.0,-21.0,-5.0,0.0
645,42.0,-28.0,-23.0,-6.0,0.0
646,42.0,-30.0,-24.0,-6.0,0.0
647,44.0,-29.0,-26.0,-8.0,0.0
648,47.0,-27.0,-26.0,-8.0,0.0
649,49.0,-26.0,-28.0,-9.0,0.0
650,51.0,-26.0,-29.0,-10.0,0.0
651,53.0,-26.0,-30.0,-10.0,0.0
652,55.0,-25.0,-31.0,-10.0,0.0
653,56.0,-24.0,-29.0,-11.0,0.0
654,54.0,-24.0,-23.0,-12.0,0.0
655,56.0,-24.0,-22.0,-12.0,0.0
656,55.0,-23.0,-24.0,-11.0,0.0
657,56.0,-22.0,-23.0,-11.0,0.0
658,57.0,-21.0,-23.0,-10.0,0.0
659,59.0,-20.0,-22.0,-10.0,0.0
660,60.0,-19.0,-22.0,-11.0,0.0
661,62.0,-18.0,-21.0,-11.0,0.0
662,63.0,-17.0,-21.0,-11.0,0.0
663,64.0,-16.0,-21.0,-11.0,0.0
664,64.0,-16.0,-22.0,-11.0,0.0
665,65.0,-16.0,-23.0,-12.0,0.0
666,65.0,-16.0,-24.0,-12.0,0.0
667,64.0,-17.0,-26.0,-12.0,0.0
668,63.0,-18.0,-27.0,-11.0,0.0
669,63.0,-19.0,-29.0,-11.0,0.0
670,62.0,-21.0,-32.0,-13.0,0.0
671,59.0,-24.0,-33.0,-16.0,0.0
672,57.0,-25.0,-32.0,-17.0,0.0
673,54.0,-27.0,-31.0,-18.0,0.0
674,51.0,-27.0,-31.0,-19.0,0.0
675,54.0,-24.0,-29.0,-18.0,0.0
676,52.0,-23.0,-28.0,-19.0,0.0
677,51.0,-24.0,-28.0,-19.0,0.0
678,49.0,-25.0,-28.0,-19.0,0.0
679,49.0,-25.0,-29.0,-19.0,0.0
680,48.0,-26.0,-29.0,-19.0,0.0
681,47.0,-25.0,-29.0,-19.0,0.0
682,47.0,-26.0,-29.0,-19.0,0.0
683,46.0,-26.0,-30.0,-19.0,0.0
684,45.0,-26.0,-30.0,-19.0,0.0
685,45.0,-26.0,-30.0,-19.0,0.0
686,45.0,-26.0,-30.0,-19.0,0.0
687,44.0,-26.0,-30.0,-19.0,0.0
688,44.0,-26.0,-31.0,-20.0,0.0
689,43.0,-26.0,-31.0,-20.0,0.0
690,43.0,-26.0,-31.0,-20.0,0.0
691,42.0,-26.0,-31.0,-20.0,0.0
692,42.0,-26.0,-31.0,-20.0,0.0
693,42.0,-26.0,-32.0,-20.0,0.0
694,41.0,-26.0,-32.0,-20.0,0.0
695,41.0,-27.0,-32.0,-20.0,0.0
696,41.0,-27.0,-32.0,-20.0,0.0
697,40.0,-27.0,-32.0,-20.0,0.0
698,40.0,-27.0,-33.0,-20.0,0.0
699,40.0,-27.0,-33.0,-21.0,0.0
700,40.0,-27.0,-33.0,-21.0,0.0
701,40.0,-27.0,-33.0,-21.0,0.0
702,39.0,-27.0,-33.0,-21.0,0.0
703,39.0,-27.0,-33.0,-21.0,0.0
704,39.0,-27.0,-33.0,-21.0,0.0
705,39.0,-27.0,-34.0,-21.0,0.0
706,39.0,-27.0,-34.0,-21.0,0.0
707,39.0,-27.0,-34.0,-21.0,0.0
708,39.0,-26.0,-34.0,-21.0,0.0
709,38.0,-26.0,-34.0,-21.0,0.0
710,40.0,-26.0,-35.0,-22.0,0.0
711,42.0,-26.0,-38.0,-24.0,0.0
712,45.0,-23.0,-37.0,-23.0,0.0
713,49.0,-21.0,-41.0,-23.0,0.0
714,58.0,-7.0,-48.0,-19.0,0.0
715,64.0,1.0,-49.0,-16.0,0.0
716,66.0,5.0,-46.0,-14.0,0.0
717,61.0,4.0,-52.0,-19.0,0.0
718,64.0,7.0,-52.0,-21.0,0.0
719,66.0,6.0,-49.0,-21.0,0.0
720,68.0,7.0,-46.0,-20.0,0.0
721,69.0,8.0,-45.0,-20.0,0.0
722,70.0,9.0,-44.0,-20.0,0.0
723,71.0,8.0,-42.0,-20.0,0.0
724,70.0,6.0,-38.0,-20.0,0.0
725,61.0,3.0,-37.0,-19.0,0.0
726,61.0,2.0,-36.0,-18.0,0.0
727,59.0,2.0,-33.0,-14.0,0.0
728,59.0,4.0,-25.0,-9.0,0.0
729,64.0,9.0,-18.0,-7.0,0.0
730,68.0,13.0,-12.0,-5.0,0.0
731,68.0,15.0,-9.0,-3.0,0.0
732,69.0,15.0,-9.0,-2.0,0.0
733,71.0,17.0,-8.0,-2.0,0.0
734,71.0,16.0,-9.0,-2.0,0.0
735,73.0,18.0,-10.0,-3.0,0.0
736,73.0,17.0,-10.0,-3.0,0.0
737,74.0,18.0,-10.0,-4.0,0.0
738,74.0,18.0,-10.0,-3.0,0.0
739,75.0,18.0,-9.0,-3.0,0.0
740,76.0,19.0,-9.0,-4.0,0.0
741,77.0,20.0,-9.0,-4.0,0.0
742,77.0,20.0,-10.0,-4.0,0.0
743,76.0,19.0,-10.0,-4.0,0.0
744,75.0,18.0,-9.0,-3.0,0.0
745,74.0,17.0,-8.0,-1.0,0.0
746,72.0,18.0,-7.0,2.0,0.0
747,67.0,13.0,-12.0,3.0,0.0
748,66.0,10.0,-7.0,7.0,0.0
749,66.0,12.0,0.0,11.0,0.0
750,70.0,18.0,1.0,10.0,0.0
751,73.0,21.0,-8.0,10.0,0.0
752,71.0,20.0,-12.0,16.0,0.0
753,70.0,20.0,-6.0,20.0,0.0
754,73.0,24.0,-3.0,18.0,0.0
755,76.0,29.0,-4.0,18.0,0.0
756,76.0,30.0,-4.0,20.0,0.0
757,75.0,30.0,-3.0,20.0,0.0
758,75.0,31.0,-3.0,19.0,0.0
759,75.0,31.0,-4.0,19.0,0.0
760,74.0,31.0,-5.0,20.0,0.0
761,73.0,29.0,-6.0,21.0,0.0
762,70.0,27.0,-6.0,20.0,0.0
763,67.0,24.0,-7.0,16.0,0.0
764,64.0,21.0,-8.0,14.0,0.0
765,56.0,14.0,-16.0,8.0,0.0
766,51.0,7.0,-18.0,3.0,0.0
767,50.0,5.0,-17.0,0.0,0.0
768,50.0,4.0,-18.0,-1.0,0.0
769,50.0,2.0,-17.0,-1.0,0.0
770,50.0,0.0,-15.0,-2.0,0.0
771,54.0,-1.0,-13.0,-2.0,0.0
772,56.0,-2.0,-11.0,-2.0,0.0
773,59.0,-3.0,-11.0,-1.0,0.0
774,59.0,-6.0,-12.0,-1.0,0.0
775,57.0,-7.0,-18.0,-5.0,0.0
776,54.0,-9.0,-22.0,-5.0,0.0
777,54.0,-10.0,-24.0,-5.0,0.0
778,53.0,-11.0,-24.0,-3.0,0.0
779,53.0,-13.0,-24.0,-2.0,0.0
780,52.0,-15.0,-24.0,-1.0,0.0
781,50.0,-17.0,-23.0,1.0,0.0
782,47.0,-21.0,-23.0,3.0,0.0
783,45.0,-24.0,-21.0,5.0,0.0
784,43.0,-27.0,-20.0,7.0,0.0
785,41.0,-30.0,-18.0,8.0,0.0
786,39.0,-33.0,-16.0,10.0,0.0
787,38.0,-35.0,-14.0,10.0,0.0
788,36.0,-38.0,-12.0,10.0,0.0
789,34.0,-40.0,-10.0,10.0,0.0
790,33.0,-42.0,-9.0,11.0,0.0
791,30.0,-44.0,-8.0,11.0,0.0
792,29.0,-46.0,-7.0,11.0,0.0
793,27.0,-47.0,-6.0,10.0,0.0
794,25.0,-48.0,-5.0,10.0,0.0
795,24.0,-49.0,-4.0,11.0,0.0
796,23.0,-50.0,-3.0,10.0,0.0
797,21.0,-51.0,-2.0,10.0,0.0
798,20.0,-51.0,-1.0,10.0,0.0
799,19.0,-51.0,0.0,10.0,0.0
800,18.0,-52.0,0.0,10.0,0.0
801,17.0,-52.0,1.0,10.0,0.0
802,16.0,-52.0,2.0,10.0,0.0
803,15.0,-52.0,2.0,10.0,0.0
804,14.0,-52.0,3.0,10.0,0.0
805,14.0,-51.0,3.0,10.0,0.0
806,13.0,-51.0,3.0,10.0,0.0
807,14.0,-50.0,3.0,10.0,0.0
808,16.0,-48.0,3.0,10.0,0.0
809,17.0,-47.0,2.0,10.0,0.0
810,19.0,-45.0,1.0,10.0,0.0
811,20.0,-43.0,1.0,10.0,0.0
812,23.0,-42.0,0.0,11.0,0.0
813,24.0,-41.0,0.0,11.0,0.0
814,27.0,-38.0,-1.0,11.0,0.0
815,29.0,-36.0,-2.0,11.0,0.0
816,32.0,-34.0,-4.0,11.0,0.0
817,34.0,-33.0,-5.0,11.0,0.0
818,37.0,-31.0,-6.0,11.0,0.0
819,40.0,-30.0,-7.0,11.0,0.0
820,42.0,-28.0,-8.0,11.0,0.0
821,43.0,-28.0,-9.0,10.0,0.0
822,45.0,-27.0,-10.0,9.0,0.0
823,47.0,-26.0,-11.0,8.0,0.0
824,47.0,-25.0,-11.0,6.0,0.0
825,49.0,-24.0,-12.0,4.0,0.0
826,51.0,-23.0,-13.0,2.0,0.0
827,54.0,-22.0,-13.0,1.0,0.0
828,55.0,-20.0,-13.0,-1.0,0.0
829,58.0,-22.0,-14.0,-2.0,0.0
830,56.0,-21.0,-11.0,-4.0,0.0
831,57.0,-20.0,-10.0,-7.0,0.0
832,56.0,-18.0,-13.0,-8.0,0.0
833,54.0,-18.0,-15.0,-9.0,0.0
834,55.0,-18.0,-17.0,-10.0,0.0
835,53.0,-19.0,-18.0,-11.0,0.0
836,53.0,-21.0,-18.0,-11.0,0.0
837,50.0,-23.0,-16.0,-13.0,0.0
838,49.0,-25.0,-15.0,-14.0,0.0
839,49.0,-25.0,-14.0,-15.0,0.0
840,50.0,-25.0,-15.0,-15.0,0.0
841,49.0,-26.0,-15.0,-17.0,0.0
842,48.0,-28.0,-15.0,-17.0,0.0
843,45.0,-30.0,-15.0,-16.0,0.0
844,46.0,-31.0,-16.0,-16.0,0.0
845,44.0,-32.0,-17.0,-15.0,0.0
846,44.0,-33.0,-19.0,-15.0,0.0
847,45.0,-33.0,-21.0,-15.0,0.0
848,45.0,-34.0,-21.0,-14.0,0.0
849,44.0,-35.0,-21.0,-14.0,0.0
850,43.0,-36.0,-22.0,-13.0,0.0
851,42.0,-37.0,-22.0,-12.0,0.0
852,42.0,-38.0,-23.0,-12.0,0.0
853,41.0,-38.0,-24.0,-11.0,0.0
854,41.0,-39.0,-24.0,-11.0,0.0
855,41.0,-39.0,-25.0,-10.0,0.0
856,40.0,-40.0,-26.0,-9.0,0.0
857,40.0,-40.0,-26.0,-8.0,0.0
858,40.0,-41.0,-27.0,-8.0,0.0
859,39.0,-41.0,-27.0,-7.0,0.0
860,39.0,-41.0,-28.0,-6.0,0.0
861,38.0,-41.0,-28.0,-6.0,0.0
862,38.0,-41.0,-29.0,-5.0,0.0
863,38.0,-42.0,-29.0,-5.0,0.0
864,38.0,-42.0,-30.0,-4.0,0.0
865,37.0,-42.0,-30.0,-4.0,0.0
866,37.0,-42.0,-30.0,-4.0,0.0
867,37.0,-43.0,-31.0,-3.0,0.0
868,37.0,-43.0,-31.0,-3.0,0.0
869,36.0,-43.0,-31.0,-3.0,0.0
870,36.0,-43.0,-32.0,-2.0,0.0
871,36.0,-43.0,-32.0,-2.0,0.0
872,36.0,-44.0,-32.0,-2.0,0.0
873,35.0,-44.0,-33.0,-1.0,0.0
874,35.0,-44.0,-33.0,-1.0,0.0
875,35.0,-44.0,-33.0,-1.0,0.0
876,35.0,-44.0,-33.0,0.0,0.0
877,35.0,-45.0,-34.0,0.0,0.0
878,35.0,-45.0,-34.0,0.0,0.0
879,34.0,-45.0,-34.0,0.0,0.0
880,34.0,-45.0,-34.0,1.0,0.0
881,34.0,-45.0,-35.0,1.0,0.0
882,34.0,-45.0,-35.0,1.0,0.0
883,34.0,-45.0,-35.0,1.0,0.0
884,34.0,-45.0,-35.0,2.0,0.0
885,34.0,-46.0,-35.0,2.0,0.0
886,33.0,-46.0,-35.0,2.0,0.0
887,33.0,-46.0,-36.0,2.0,0.0
888,33.0,-46.0,-36.0,2.0,0.0
889,33.0,-46.0,-36.0,3.0,0.0
890,33.0,-46.0,-36.0,3.0,0.0
891,33.0,-46.0,-36.0,3.0,0.0
892,33.0,-46.0,-36.0,3.0,0.0
893,33.0,-46.0,-36.0,3.0,0.0
894,33.0,-46.0,-37.0,3.0,0.0
895,33.0,-46.0,-37.0,4.0,0.0
896,32.0,-46.0,-37.0,4.0,0.0
897,32.0,-47.0,-37.0,4.0,0.0
898,32.0,-47.0,-37.0,4.0,0.0
899,32.0,-47.0,-37.0,4.0,0.0
900,32.0,-47.0,-37.0,4.0,0.0
901,32.0,-47.0,-37.0,4.0,0.0
902,32.0,-47.0,-37.0,4.0,0.0
903,32.0,-47.0,-38.0,5.0,0.0
904,32.0,-47.0,-38.0,5.0,0.0
905,32.0,-47.0,-38.0,5.0,0.0
906,32.0,-47.0,-38.0,5.0,0.0
907,32.0,-47.0,-38.0,5.0,0.0
908,32.0,-47.0,-38.0,5.0,0.0
909,32.0,-47.0,-38.0,5.0,0.0
910,32.0,-47.0,-38.0,5.0,0.0
911,32.0,-47.0,-38.0,5.0,0.0
912,32.0,-47.0,-38.0,5.0,0.0
913,32.0,-47.0,-38.0,5.0,0.0
914,32.0,-47.0,-38.0,6.0,0.0
915,32.0,-47.0,-38.0,6.0,0.0
916,31.0,-47.0,-38.0,6.0,0.0
917,31.0,-47.0,-38.0,6.0,0.0
918,31.0,-48.0,-38.0,6.0,0.0
919,31.0,-48.0,-38.0,6.0,0.0
920,31.0,-48.0,-39.0,6.0,0.0
921,31.0,-48.0,-39.0,6.0,0.0
922,31.0,-48.0,-39.0,6.0,0.0
923,31.0,-48.0,-39.0,6.0,0.0
924,31.0,-48.0,-39.0,6.0,0.0
925,31.0,-48.0,-39.0,6.0,0.0
926,31.0,-48.0,-39.0,6.0,0.0
927,31.0,-48.0,-39.0,6.0,0.0
928,31.0,-48.0,-39.0,6.0,0.0
929,31.0,-48.0,-39.0,6.0,0.0
930,31.0,-48.0,-39.0,6.0,0.0
931,31.0,-48.0,-39.0,7.0,0.0
932,31.0,-48.0,-39.0,7.0,0.0
933,31.0,-48.0,-39.0,7.0,0.0
934,31.0,-48.0,-39.0,7.0,0.0
935,31.0,-48.0,-39.0,7.0,0.0
936,31.0,-48.0,-39.0,7.0,0.0
937,31.0,-48.0,-39.0,7.0,0.0
938,31.0,-48.0,-39.0,7.0,0.0
939,31.0,-48.0,-39.0,7.0,0.0
940,31.0,-48.0,-39.0,7.0,0.0
941,31.0,-48.0,-39.0,7.0,0.0
942,31.0,-48.0,-39.0,7.0,0.0
943,31.0,-48.0,-39.0,7.0,0.0
944,31.0,-48.0,-39.0,7.0,0.0
945,31.0,-48.0,-39.0,7.0,0.0
946,31.0,-48.0,-39.0,7.0,0.0
947,31.0,-48.0,-39.0,7.0,0.0
948,31.0,-48.0,-39.0,7.0,0.0
949,31.0,-48.0,-39.0,7.0,0.0
950,31.0,-48.0,-39.0,7.0,0.0
951,31.0,-48.0,-39.0,7.0,0.0
952,31.0,-48.0,-39.0,7.0,0.0
953,31.0,-48.0,-39.0,7.0,0.0
954,31.0,-48.0,-39.0,7.0,0.0
955,31.0,-48.0,-39.0,7.0,0.0
956,31.0,-48.0,-39.0,7.0,0.0
957,31.0,-48.0,-39.0,7.0,0.0
958,31.0,-48.0,-39.0,7.0,0.0
959,31.0,-48.0,-39.0,7.0,0.0
960,31.0,-48.0,-39.0,7.0,0.0
961,31.0,-48.0,-39.0,7.0,0.0
962,31.0,-48.0,-39.0,7.0,0.0
963,31.0,-48.0,-39.0,7.0,0.0
964,31.0,-48.0,-39.0,8.0,0.0
965,31.0,-48.0,-39.0,7.0,0.0
966,31.0,-48.0,-39.0,8.0,0.0
967,31.0,-48.0,-39.0,8.0,0.0
968,31.0,-48.0,-39.0,8.0,0.0
969,31.0,-48.0,-39.0,8.0,0.0
970,31.0,-48.0,-39.0,8.0,0.0
971,31.0,-48.0,-39.0,8.0,0.0
972,31.0,-48.0,-39.0,8.0,0.0
973,31.0,-48.0,-39.0,8.0,0.0
974,31.0,-48.0,-39.0,8.0,0.0
975,31.0,-48.0,-39.0,8.0,0.0
976,31.0,-48.0,-39.0,8.0,0.0
977,31.0,-48.0,-39.0,8.0,0.0
978,31.0,-48.0,-39.0,8.0,0.0
979,31.0,-48.0,-39.0,8.0,0.0
980,31.0,-48.0,-39.0,8.0,0.0
981,31.0,-48.0,-39.0,8.0,0.0
982,31.0,-48.0,-39.0,8.0,0.0
983,31.0,-48.0,-39.0,8.0,0.0
984,31.0,-48.0,-39.0,8.0,0.0
985,31.0,-48.0,-39.0,8.0,0.0
986,31.0,-48.0,-39.0,8.0,0.0
987,31.0,-48.0,-39.0,8.0,0.0
988,31.0,-48.0,-39.0,8.0,0.0
989,31.0,-48.0,-39.0,8.0,0.0
990,31.0,-48.0,-39.0,8.0,0.0
991,31.0,-48.0,-39.0,8.0,0.0
992,31.0,-48.0,-39.0,8.0,0.0
993,31.0,-48.0,-39.0,8.0,0.0
994,31.0,-48.0,-39.0,8.0,0.0
995,31.0,-48.0,-39.0,8.0,0.0
996,31.0,-48.0,-39.0,8.0,0.0
997,31.0,-48.0,-39.0,8.0,0.0
998,31.0,-48.0,-39.0,8.0,0.0
999,31.0,-48.0,-39.0,8.0,0.0
1000,31.0,-48.0,-39.0,8.0,0.0
1001,31.0,-48.0,-39.0,8.0,0.0
1002,31.0,-48.0,-39.0,8.0,0.0
1003,31.0,-48.0,-39.0,8.0,0.0
1004,31.0,-48.0,-39.0,8.0,0.0
1005,31.0,-48.0,-39.0,8.0,0.0
1006,31.0,-48.0,-39.0,8.0,0.0
1007,31.0,-48.0,-39.0,8.0,0.0
1008,31.0,-48.0,-39.0,8.0,0.0
1009,31.0,-48.0,-39.0,8.0,0.0
1010,31.0,-48.0,-39.0,8.0,0.0
1011,31.0,-48.0,-39.0,8.0,0.0
1012,31.0,-48.0,-39.0,8.0,0.0
1013,31.0,-48.0,-39.0,8.0,0.0
1014,31.0,-48.0,-39.0,8.0,0.0
1015,31.0,-48.0,-39.0,8.0,0.0
1016,31.0,-48.0,-39.0,8.0,0.0
1017,31.0,-48.0,-39.0,8.0,0.0
1018,31.0,-48.0,-39.0,8.0,0.0
1019,31.0,-48.0,-39.0,8.0,0.0
1020,31.0,-48.0,-39.0,8.0,0.0
1021,31.0,-48.0,-39.0,8.0,0.0
1022,31.0,-48.0,-39.0,8.0,0.0
1023,31.0,-48.0,-39.0,8.0,0.0
1024,31.0,-48.0,-39.0,8.0,0.0
1025,31.0,-48.0,-39.0,8.0,0.0
1026,31.0,-48.0,-40.0,8.0,0.0
1027,31.0,-48.0,-39.0,8.0,0.0
1028,31.0,-48.0,-39.0,8.0,0.0
1029,31.0,-48.0,-39.0,8.0,0.0
1030,31.0,-48.0,-39.0,8.0,0.0
1031,31.0,-48.0,-39.0,8.0,0.0
1032,31.0,-48.0,-39.0,8.0,0.0
1033,31.0,-48.0,-39.0,8.0,0.0
1034,31.0,-48.0,-39.0,8.0,0.0
1035,31.0,-48.0,-39.0,8.0,0.0
1036,31.0,-48.0,-39.0,8.0,0.0
1037,31.0,-48.0,-40.0,8.0,0.0
1038,31.0,-48.0,-40.0,8.0,0.0
1039,31.0,-48.0,-39.0,8.0,0.0
1040,31.0,-48.0,-39.0,8.0,0.0
1041,31.0,-48.0,-39.0,8.0,0.0
1042,31.0,-48.0,-39.0,8.0,0.0
1043,31.0,-48.0,-39.0,8.0,0.0
1044,31.0,-48.0,-39.0,8.0,0.0
1045,31.0,-47.0,-39.0,8.0,0.0
1046,32.0,-46.0,-38.0,7.0,0.0
1047,33.0,-44.0,-37.0,5.0,0.0
1048,34.0,-42.0,-36.0,5.0,0.0
1049,35.0,-42.0,-34.0,3.0,0.0
1050,37.0,-42.0,-33.0,2.0,0.0
1051,38.0,-41.0,-34.0,2.0,0.0
1052,41.0,-40.0,-34.0,2.0,0.0
1053,43.0,-37.0,-34.0,2.0,0.0
1054,46.0,-33.0,-35.0,2.0,0.0
1055,49.0,-29.0,-36.0,1.0,0.0
1056,53.0,-23.0,-33.0,0.0,0.0
1057,60.0,-17.0,-27.0,-1.0,0.0
1058,60.0,-15.0,-24.0,-6.0,0.0
1059,56.0,-17.0,-23.0,-11.0,0.0
1060,46.0,-24.0,-22.0,-13.0,0.0
1061,45.0,-25.0,-24.0,-14.0,0.0
1062,39.0,-32.0,-19.0,-11.0,0.0
1063,38.0,-33.0,-19.0,-9.0,0.0
1064,38.0,-33.0,-21.0,-9.0,0.0
1065,37.0,-34.0,-20.0,-9.0,0.0
1066,37.0,-34.0,-21.0,-8.0,0.0
1067,36.0,-36.0,-21.0,-7.0,0.0
1068,35.0,-36.0,-22.0,-8.0,0.0
1069,35.0,-36.0,-22.0,-7.0,0.0
1070,34.0,-36.0,-23.0,-8.0,0.0
1071,34.0,-36.0,-23.0,-8.0,0.0
1072,34.0,-36.0,-24.0,-8.0,0.0
1073,33.0,-36.0,-24.0,-8.0,0.0
1074,33.0,-36.0,-24.0,-8.0,0.0
1075,33.0,-36.0,-25.0,-8.0,0.0
1076,33.0,-37.0,-25.0,-8.0,0.0
1077,32.0,-37.0,-25.0,-8.0,0.0
1078,32.0,-37.0,-25.0,-8.0,0.0
1079,32.0,-37.0,-26.0,-8.0,0.0
1080,32.0,-37.0,-26.0,-8.0,0.0
1081,32.0,-37.0,-26.0,-8.0,0.0
1082,31.0,-37.0,-26.0,-9.0,0.0
1083,31.0,-37.0,-27.0,-9.0,0.0
1084,31.0,-37.0,-27.0,-9.0,0.0
1085,31.0,-37.0,-27.0,-9.0,0.0
1086,31.0,-37.0,-27.0,-9.0,0.0
1087,31.0,-36.0,-28.0,-10.0,0.0
1088,33.0,-35.0,-30.0,-11.0,0.0
1089,34.0,-32.0,-25.0,-16.0,0.0
1090,39.0,-28.0,-19.0,-15.0,0.0
1091,45.0,-25.0,-14.0,-14.0,0.0
1092,49.0,-22.0,-10.0,-12.0,0.0
1093,50.0,-19.0,-9.0,-10.0,0.0
1094,50.0,-18.0,-12.0,-8.0,0.0
1095,50.0,-17.0,-17.0,-6.0,0.0
1096,51.0,-17.0,-18.0,-4.0,0.0
1097,52.0,-15.0,-19.0,-3.0,0.0
1098,53.0,-14.0,-19.0,-2.0,0.0
1099,56.0,-11.0,-20.0,-2.0,0.0
1100,58.0,-10.0,-20.0,-2.0,0.0
1101,57.0,-10.0,-19.0,-1.0,0.0
1102,58.0,-9.0,-19.0,0.0,0.0
1103,58.0,-9.0,-19.0,1.0,0.0
1104,59.0,-9.0,-20.0,1.0,0.0
1105,61.0,-6.0,-21.0,2.0,0.0
1106,66.0,-1.0,-25.0,4.0,0.0
1107,71.0,5.0,-29.0,7.0,0.0
1108,76.0,10.0,-33.0,9.0,0.0
1109,79.0,15.0,-32.0,12.0,0.0
1110,82.0,18.0,-32.0,13.0,0.0
1111,83.0,21.0,-30.0,15.0,0.0
1112,84.0,23.0,-30.0,14.0,0.0
1113,85.0,25.0,-29.0,12.0,0.0
1114,87.0,28.0,-29.0,11.0,0.0
1115,88.0,29.0,-29.0,10.0,0.0
1116,89.0,31.0,-28.0,10.0,0.0
1117,90.0,32.0,-27.0,9.0,0.0
1118,90.0,33.0,-27.0,8.0,0.0
1119,89.0,32.0,-27.0,7.0,0.0
1120,87.0,31.0,-26.0,6.0,0.0
1121,86.0,31.0,-26.0,6.0,0.0
1122,86.0,32.0,-25.0,6.0,0.0
1123,87.0,32.0,-26.0,6.0,0.0
1124,87.0,32.0,-26.0,3.0,0.0
1125,88.0,32.0,-26.0,0.0,0.0
1126,88.0,32.0,-25.0,-2.0,0.0
1127,88.0,33.0,-25.0,-3.0,0.0
1128,88.0,33.0,-25.0,-3.0,0.0
1129,87.0,34.0,-24.0,-4.0,0.0
1130,87.0,34.0,-24.0,-4.0,0.0
1131,87.0,34.0,-23.0,-4.0,0.0
1132,86.0,34.0,-23.0,-4.0,0.0
1133,86.0,35.0,-22.0,-5.0,0.0
1134,86.0,35.0,-22.0,-5.0,0.0
1135,86.0,35.0,-22.0,-5.0,0.0
1136,86.0,35.0,-21.0,-5.0,0.0
1137,86.0,36.0,-21.0,-5.0,0.0
1138,86.0,36.0,-20.0,-5.0,0.0
1139,86.0,37.0,-20.0,-5.0,0.0
1140,86.0,37.0,-19.0,-6.0,0.0
1141,86.0,37.0,-19.0,-6.0,0.0
1142,86.0,38.0,-18.0,-6.0,0.0
1143,85.0,38.0,-18.0,-5.0,0.0
1144,86.0,39.0,-18.0,-5.0,0.0
1145,86.0,40.0,-17.0,-5.0,0.0
1146,86.0,41.0,-17.0,-5.0,0.0
1147,87.0,42.0,-16.0,-5.0,0.0
1148,87.0,43.0,-16.0,-5.0,0.0
1149,87.0,44.0,-15.0,-5.0,0.0
1150,85.0,45.0,-15.0,-5.0,0.0
1151,84.0,44.0,-16.0,-6.0,0.0
1152,85.0,44.0,-16.0,-7.0,0.0
1153,84.0,44.0,-17.0,-8.0,0.0
1154,84.0,44.0,-17.0,-8.0,0.0
1155,84.0,44.0,-16.0,-8.0,0.0
1156,84.0,44.0,-15.0,-8.0,0.0
1157,83.0,44.0,-15.0,-8.0,0.0
1158,83.0,44.0,-15.0,-9.0,0.0
1159,83.0,44.0,-15.0,-9.0,0.0
1160,83.0,44.0,-15.0,-9.0,0.0
1161,82.0,44.0,-14.0,-9.0,0.0
1162,82.0,44.0,-14.0,-9.0,0.0
1163,82.0,44.0,-14.0,-9.0,0.0
1164,82.0,44.0,-13.0,-9.0,0.0
1165,82.0,44.0,-13.0,-9.0,0.0
1166,82.0,44.0,-13.0,-9.0,0.0
1167,82.0,44.0,-13.0,-9.0,0.0
1168,81.0,44.0,-12.0,-9.0,0.0
1169,81.0,44.0,-12.0,-9.0,0.0
1170,81.0,44.0,-12.0,-9.0,0.0
1171,81.0,44.0,-12.0,-9.0,0.0
1172,81.0,44.0,-12.0,-9.0,0.0
1173,81.0,44.0,-12.0,-9.0,0.0
1174,81.0,44.0,-12.0,-9.0,0.0
1175,81.0,44.0,-11.0,-10.0,0.0
1176,81.0,43.0,-11.0,-10.0,0.0
1177,81.0,43.0,-11.0,-10.0,0.0
1178,81.0,43.0,-11.0,-10.0,0.0
1179,81.0,44.0,-11.0,-10.0,0.0
1180,81.0,44.0,-11.0,-10.0,0.0
1181,81.0,44.0,-11.0,-10.0,0.0
1182,81.0,44.0,-11.0,-10.0,0.0
1183,81.0,44.0,-11.0,-10.0,0.0
1184,81.0,44.0,-11.0,-10.0,0.0
1185,81.0,44.0,-10.0,-10.0,0.0
1186,81.0,44.0,-10.0,-10.0,0.0
1187,81.0,44.0,-10.0,-10.0,0.0
1188,81.0,44.0,-10.0,-10.0,0.0
1189,81.0,44.0,-10.0,-10.0,0.0
1190,81.0,44.0,-10.0,-10.0,0.0
1191,81.0,44.0,-10.0,-10.0,0.0
1192,81.0,44.0,-10.0,-10.0,0.0
1193,81.0,44.0,-10.0,-10.0,0.0
1194,81.0,44.0,-10.0,-10.0,0.0
1195,81.0,44.0,-9.0,-10.0,0.0
1196,81.0,44.0,-9.0,-10.0,0.0
1197,81.0,44.0,-9.0,-10.0,0.0
1198,81.0,43.0,-9.0,-11.0,0.0
1199,80.0,43.0,-9.0,-11.0,0.0
1200,81.0,43.0,-9.0,-11.0,0.0
1201,81.0,43.0,-9.0,-11.0,0.0
1202,81.0,43.0,-9.0,-11.0,0.0
1203,80.0,43.0,-9.0,-11.0,0.0
1204,81.0,43.0,-9.0,-10.0,0.0
1205,81.0,43.0,-9.0,-11.0,0.0
1206,81.0,43.0,-9.0,-11.0,0.0
1207,81.0,43.0,-9.0,-11.0,0.0
1208,81.0,43.0,-9.0,-10.0,0.0
1209,81.0,43.0,-9.0,-10.0,0.0
1210,81.0,42.0,-9.0,-10.0,0.0
1211,80.0,42.0,-8.0,-10.0,0.0
1212,80.0,41.0,-8.0,-10.0,0.0
1213,80.0,41.0,-8.0,-10.0,0.0
1214,80.0,41.0,-8.0,-10.0,0.0
1215,80.0,41.0,-8.0,-10.0,0.0
1216,80.0,41.0,-8.0,-10.0,0.0
1217,81.0,42.0,-8.0,-9.0,0.0
1218,81.0,42.0,-8.0,-9.0,0.0
1219,81.0,42.0,-8.0,-9.0,0.0
1220,81.0,42.0,-8.0,-9.0,0.0
1221,81.0,42.0,-8.0,-9.0,0.0
1222,82.0,42.0,-8.0,-9.0,0.0
1223,82.0,42.0,-8.0,-9.0,0.0
1224,82.0,42.0,-8.0,-9.0,0.0
1225,82.0,42.0,-8.0,-9.0,0.0
1226,82.0,42.0,-8.0,-9.0,0.0
1227,82.0,42.0,-8.0,-9.0,0.0
1228,82.0,42.0,-8.0,-9.0,0.0
1229,82.0,42.0,-8.0,-9.0,0.0
1230,82.0,42.0,-8.0,-9.0,0.0
1231,82.0,42.0,-8.0,-9.0,0.0
1232,82.0,42.0,-8.0,-9.0,0.0
1233,82.0,41.0,-9.0,-10.0,0.0
1234,82.0,41.0,-9.0,-10.0,0.0
1235,82.0,41.0,-9.0,-10.0,0.0
1236,82.0,40.0,-9.0,-10.0,0.0
1237,82.0,40.0,-9.0,-10.0,0.0
1238,82.0,39.0,-9.0,-11.0,0.0
1239,82.0,39.0,-10.0,-11.0,0.0
1240,81.0,39.0,-10.0,-11.0,0.0
1241,82.0,38.0,-11.0,-12.0,0.0
1242,82.0,39.0,-12.0,-12.0,0.0
1243,82.0,38.0,-12.0,-12.0,0.0
1244,82.0,38.0,-12.0,-12.0,0.0
1245,82.0,38.0,-12.0,-12.0,0.0
1246,82.0,38.0,-13.0,-12.0,0.0
1247,82.0,38.0,-12.0,-12.0,0.0
1248,82.0,38.0,-12.0,-12.0,0.0
1249,82.0,38.0,-12.0,-12.0,0.0
1250,82.0,38.0,-12.0,-12.0,0.0
1251,82.0,38.0,-12.0,-12.0,0.0
1252,82.0,38.0,-12.0,-12.0,0.0
1253,82.0,38.0,-13.0,-12.0,0.0
1254,82.0,38.0,-13.0,-12.0,0.0
1255,82.0,38.0,-13.0,-12.0,0.0
1256,82.0,38.0,-13.0,-12.0,0.0
1257,82.0,37.0,-13.0,-12.0,0.0
1258,82.0,37.0,-13.0,-12.0,0.0
1259,82.0,37.0,-13.0,-12.0,0.0
1260,82.0,37.0,-13.0,-12.0,0.0
1261,82.0,37.0,-14.0,-12.0,0.0
1262,82.0,38.0,-14.0,-12.0,0.0
1263,82.0,38.0,-14.0,-12.0,0.0
1264,82.0,38.0,-14.0,-12.0,0.0
1265,82.0,38.0,-14.0,-12.0,0.0
1266,82.0,38.0,-14.0,-12.0,0.0
1267,82.0,38.0,-14.0,-12.0,0.0
1268,82.0,39.0,-14.0,-12.0,0.0
1269,82.0,38.0,-14.0,-12.0,0.0
1270,82.0,38.0,-14.0,-12.0,0.0
1271,82.0,38.0,-13.0,-12.0,0.0
1272,82.0,38.0,-13.0,-12.0,0.0
1273,82.0,38.0,-14.0,-12.0,0.0
1274,82.0,38.0,-14.0,-12.0,0.0
1275,82.0,38.0,-14.0,-12.0,0.0
1276,82.0,38.0,-14.0,-12.0,0.0
1277,82.0,38.0,-14.0,-12.0,0.0
1278,82.0,38.0,-14.0,-12.0,0.0
1279,82.0,37.0,-14.0,-12.0,0.0
1280,82.0,38.0,-14.0,-13.0,0.0
1281,82.0,38.0,-14.0,-15.0,0.0
1282,82.0,37.0,-14.0,-15.0,0.0
1283,82.0,37.0,-14.0,-14.0,0.0
1284,82.0,36.0,-14.0,-14.0,0.0
1285,81.0,36.0,-14.0,-13.0,0.0
1286,82.0,36.0,-16.0,-13.0,0.0
1287,82.0,36.0,-16.0,-13.0,0.0
1288,82.0,36.0,-15.0,-12.0,0.0
1289,83.0,37.0,-14.0,-11.0,0.0
1290,84.0,39.0,-12.0,-8.0,0.0
1291,85.0,43.0,-8.0,-6.0,0.0
1292,86.0,44.0,-6.0,-4.0,0.0
1293,85.0,44.0,-5.0,-1.0,0.0
1294,85.0,44.0,-4.0,2.0,0.0
1295,84.0,43.0,-3.0,4.0,0.0
1296,83.0,43.0,-2.0,6.0,0.0
1297,83.0,43.0,-2.0,9.0,0.0
1298,83.0,42.0,0.0,12.0,0.0
1299,84.0,43.0,2.0,16.0,0.0
1300,84.0,42.0,4.0,20.0,0.0
1301,85.0,41.0,5.0,24.0,0.0
1302,85.0,39.0,6.0,25.0,0.0
1303,86.0,40.0,8.0,21.0,0.0
1304,83.0,35.0,8.0,17.0,0.0
1305,84.0,39.0,10.0,17.0,0.0
1306,86.0,40.0,11.0,16.0,0.0
1307,86.0,41.0,12.0,16.0,0.0
1308,86.0,42.0,13.0,16.0,0.0
1309,83.0,42.0,13.0,15.0,0.0
1310,81.0,41.0,13.0,15.0,0.0
1311,79.0,41.0,13.0,15.0,0.0
1312,79.0,42.0,12.0,15.0,0.0
1313,78.0,42.0,12.0,14.0,0.0
1314,78.0,43.0,12.0,14.0,0.0
1315,78.0,43.0,12.0,14.0,0.0
1316,77.0,44.0,12.0,14.0,0.0
1317,77.0,44.0,12.0,13.0,0.0
1318,77.0,45.0,12.0,13.0,0.0
1319,76.0,45.0,12.0,12.0,0.0
1320,75.0,45.0,12.0,12.0,0.0
1321,74.0,45.0,12.0,12.0,0.0
1322,74.0,44.0,12.0,12.0,0.0
1323,74.0,44.0,12.0,11.0,0.0
1324,75.0,45.0,12.0,11.0,0.0
1325,75.0,45.0,12.0,11.0,0.0
1326,75.0,44.0,12.0,10.0,0.0
1327,75.0,45.0,11.0,10.0,0.0
1328,75.0,45.0,11.0,10.0,0.0
1329,75.0,45.0,11.0,10.0,0.0
1330,74.0,44.0,10.0,10.0,0.0
1331,74.0,44.0,10.0,10.0,0.0
1332,74.0,44.0,9.0,11.0,0.0
1333,74.0,44.0,9.0,10.0,0.0
1334,74.0,44.0,9.0,10.0,0.0
1335,74.0,44.0,9.0,10.0,0.0
1336,74.0,45.0,9.0,10.0,0.0
1337,74.0,45.0,9.0,10.0,0.0
1338,74.0,45.0,8.0,10.0,0.0
1339,74.0,45.0,8.0,10.0,0.0
1340,74.0,45.0,8.0,10.0,0.0
1341,74.0,45.0,8.0,10.0,0.0
1342,74.0,45.0,7.0,10.0,0.0
1343,74.0,45.0,7.0,9.0,0.0
1344,75.0,45.0,7.0,9.0,0.0
1345,75.0,45.0,7.0,9.0,0.0
1346,75.0,45.0,7.0,10.0,0.0
1347,75.0,46.0,7.0,10.0,0.0
1348,76.0,46.0,8.0,10.0,0.0
1349,77.0,46.0,7.0,9.0,0.0
1350,76.0,46.0,7.0,9.0,0.0
1351,76.0,46.0,7.0,9.0,0.0
1352,76.0,47.0,7.0,9.0,0.0
1353,76.0,47.0,7.0,9.0,0.0
1354,76.0,47.0,6.0,8.0,0.0
1355,76.0,46.0,6.0,8.0,0.0
1356,76.0,46.0,6.0,8.0,0.0
1357,77.0,46.0,5.0,8.0,0.0
1358,77.0,46.0,6.0,8.0,0.0
1359,77.0,46.0,6.0,8.0,0.0
1360,77.0,46.0,6.0,8.0,0.0
1361,77.0,46.0,5.0,8.0,0.0
1362,78.0,46.0,5.0,8.0,0.0
1363,77.0,45.0,5.0,8.0,0.0
1364,77.0,45.0,4.0,8.0,0.0
1365,77.0,45.0,4.0,9.0,0.0
1366,77.0,44.0,4.0,9.0,0.0
1367,76.0,43.0,3.0,9.0,0.0
1368,77.0,43.0,3.0,9.0,0.0
1369,77.0,42.0,4.0,8.0,0.0
1370,77.0,42.0,4.0,8.0,0.0
1371,77.0,41.0,4.0,8.0,0.0
1372,78.0,42.0,3.0,8.0,0.0
1373,78.0,42.0,3.0,8.0,0.0
1374,77.0,42.0,2.0,9.0,0.0
1375,77.0,43.0,1.0,10.0,0.0
1376,76.0,43.0,1.0,10.0,0.0
1377,76.0,43.0,1.0,10.0,0.0
1378,77.0,43.0,2.0,10.0,0.0
1379,77.0,43.0,2.0,10.0,0.0
1380,77.0,43.0,2.0,10.0,0.0
1381,77.0,44.0,2.0,10.0,0.0
1382,77.0,43.0,2.0,10.0,0.0
1383,77.0,44.0,2.0,10.0,0.0
1384,77.0,44.0,2.0,10.0,0.0
1385,77.0,43.0,1.0,10.0,0.0
1386,77.0,43.0,1.0,10.0,0.0
1387,77.0,43.0,2.0,10.0,0.0
1388,77.0,43.0,2.0,10.0,0.0
1389,76.0,42.0,2.0,10.0,0.0
1390,76.0,42.0,2.0,10.0,0.0
1391,77.0,42.0,2.0,10.0,0.0
1392,77.0,41.0,2.0,10.0,0.0
1393,77.0,40.0,2.0,10.0,0.0
1394,77.0,40.0,2.0,10.0,0.0
1395,77.0,39.0,2.0,10.0,0.0
1396,77.0,39.0,2.0,9.0,0.0
1397,77.0,39.0,2.0,10.0,0.0
1398,77.0,40.0,2.0,10.0,0.0
1399,77.0,40.0,2.0,10.0,0.0
1400,78.0,40.0,2.0,10.0,0.0
1401,78.0,40.0,2.0,10.0,0.0
1402,78.0,40.0,2.0,10.0,0.0
1403,78.0,41.0,2.0,9.0,0.0
1404,78.0,41.0,2.0,9.0,0.0
1405,78.0,41.0,2.0,9.0,0.0
1406,78.0,41.0,2.0,9.0,0.0
1407,77.0,41.0,1.0,9.0,0.0
1408,77.0,40.0,1.0,9.0,0.0
1409,77.0,41.0,1.0,9.0,0.0
1410,77.0,41.0,1.0,9.0,0.0
1411,77.0,41.0,1.0,9.0,0.0
1412,77.0,41.0,1.0,9.0,0.0
1413,77.0,40.0,0.0,9.0,0.0
1414,76.0,40.0,0.0,9.0,0.0
1415,77.0,40.0,1.0,9.0,0.0
1416,76.0,40.0,1.0,8.0,0.0
1417,76.0,40.0,1.0,8.0,0.0
1418,77.0,41.0,0.0,8.0,0.0
1419,77.0,41.0,0.0,8.0,0.0
1420,77.0,41.0,0.0,8.0,0.0
1421,77.0,41.0,0.0,8.0,0.0
1422,77.0,41.0,0.0,8.0,0.0
1423,76.0,41.0,-1.0,8.0,0.0
1424,77.0,40.0,-1.0,8.0,0.0
1425,76.0,41.0,-1.0,8.0,0.0
1426,76.0,41.0,-1.0,7.0,0.0
1427,77.0,41.0,-1.0,7.0,0.0
1428,77.0,41.0,0.0,7.0,0.0
1429,77.0,41.0,-1.0,7.0,0.0
1430,77.0,42.0,-1.0,6.0,0.0
1431,77.0,42.0,-1.0,6.0,0.0
1432,77.0,42.0,-1.0,6.0,0.0
1433,76.0,42.0,-1.0,6.0,0.0
1434,76.0,42.0,-2.0,6.0,0.0
1435,76.0,42.0,-1.0,5.0,0.0
1436,76.0,42.0,-2.0,5.0,0.0
1437,76.0,42.0,-2.0,5.0,0.0
1438,76.0,42.0,-3.0,5.0,0.0
1439,75.0,42.0,-3.0,5.0,0.0
1440,75.0,41.0,-3.0,5.0,0.0
1441,75.0,42.0,-3.0,5.0,0.0
1442,75.0,42.0,-2.0,5.0,0.0
1443,75.0,42.0,-2.0,4.0,0.0
1444,75.0,41.0,-3.0,4.0,0.0
1445,75.0,42.0,-3.0,3.0,0.0
1446,74.0,41.0,-4.0,3.0,0.0
1447,74.0,40.0,-4.0,3.0,0.0
1448,74.0,40.0,-5.0,3.0,0.0
1449,74.0,39.0,-6.0,3.0,0.0
1450,74.0,39.0,-6.0,3.0,0.0
1451,74.0,39.0,-6.0,3.0,0.0
1452,73.0,40.0,-7.0,3.0,0.0
1453,73.0,40.0,-7.0,3.0,0.0
1454,73.0,40.0,-7.0,3.0,0.0
1455,74.0,39.0,-7.0,3.0,0.0
1456,73.0,40.0,-7.0,3.0,0.0
1457,74.0,40.0,-7.0,3.0,0.0
1458,74.0,39.0,-8.0,4.0,0.0
1459,74.0,39.0,-8.0,3.0,0.0
1460,75.0,39.0,-8.0,3.0,0.0
1461,75.0,39.0,-8.0,3.0,0.0
1462,74.0,38.0,-8.0,3.0,0.0
1463,74.0,38.0,-8.0,3.0,0.0
1464,74.0,38.0,-8.0,3.0,0.0
1465,74.0,38.0,-8.0,3.0,0.0
1466,74.0,38.0,-8.0,3.0,0.0
1467,74.0,37.0,-8.0,3.0,0.0
1468,74.0,38.0,-8.0,3.0,0.0
1469,74.0,38.0,-8.0,3.0,0.0
1470,74.0,37.0,-8.0,3.0,0.0
1471,74.0,37.0,-8.0,3.0,0.0
1472,74.0,38.0,-7.0,3.0,0.0
1473,74.0,39.0,-7.0,3.0,0.0
1474,74.0,39.0,-7.0,3.0,0.0
1475,74.0,39.0,-7.0,3.0,0.0
1476,74.0,39.0,-7.0,3.0,0.0
1477,73.0,39.0,-7.0,3.0,0.0
1478,73.0,39.0,-7.0,3.0,0.0
1479,73.0,39.0,-7.0,3.0,0.0
1480,73.0,39.0,-7.0,4.0,0.0
1481,73.0,39.0,-7.0,4.0,0.0
1482,73.0,40.0,-7.0,3.0,0.0
1483,73.0,40.0,-7.0,3.0,0.0
1484,73.0,40.0,-7.0,3.0,0.0
1485,73.0,40.0,-7.0,3.0,0.0
1486,72.0,39.0,-7.0,3.0,0.0
1487,73.0,39.0,-7.0,3.0,0.0
1488,73.0,38.0,-7.0,3.0,0.0
1489,73.0,38.0,-7.0,4.0,0.0
1490,73.0,38.0,-7.0,3.0,0.0
1491,73.0,38.0,-7.0,3.0,0.0
1492,73.0,38.0,-7.0,3.0,0.0
1493,73.0,37.0,-7.0,3.0,0.0
1494,73.0,37.0,-8.0,3.0,0.0
1495,73.0,36.0,-8.0,3.0,0.0
1496,73.0,36.0,-8.0,3.0,0.0
1497,73.0,35.0,-8.0,3.0,0.0
1498,73.0,35.0,-8.0,3.0,0.0
1499,73.0,35.0,-7.0,3.0,0.0
1500,73.0,36.0,-7.0,3.0,0.0
1501,73.0,36.0,-7.0,3.0,0.0
1502,73.0,36.0,-7.0,3.0,0.0
1503,74.0,36.0,-8.0,3.0,0.0
1504,74.0,37.0,-8.0,3.0,0.0
1505,73.0,38.0,-9.0,3.0,0.0
1506,74.0,39.0,-9.0,3.0,0.0
1507,74.0,39.0,-9.0,3.0,0.0
1508,74.0,40.0,-8.0,3.0,0.0
1509,73.0,41.0,-8.0,3.0,0.0
1510,73.0,41.0,-9.0,4.0,0.0
1511,72.0,40.0,-9.0,4.0,0.0
1512,72.0,40.0,-9.0,4.0,0.0
1513,71.0,40.0,-9.0,4.0,0.0
1514,71.0,40.0,-9.0,4.0,0.0
1515,70.0,40.0,-9.0,4.0,0.0
1516,70.0,40.0,-8.0,4.0,0.0
1517,70.0,40.0,-9.0,4.0,0.0
1518,70.0,39.0,-9.0,4.0,0.0
1519,70.0,39.0,-9.0,4.0,0.0
1520,70.0,39.0,-9.0,4.0,0.0
1521,69.0,39.0,-8.0,5.0,0.0
1522,70.0,39.0,-8.0,5.0,0.0
1523,70.0,39.0,-8.0,5.0,0.0
1524,70.0,40.0,-8.0,5.0,0.0
1525,70.0,40.0,-7.0,6.0,0.0
1526,70.0,40.0,-7.0,6.0,0.0
1527,70.0,41.0,-7.0,6.0,0.0
1528,70.0,41.0,-7.0,6.0,0.0
1529,70.0,41.0,-7.0,6.0,0.0
1530,70.0,41.0,-7.0,6.0,0.0
1531,70.0,41.0,-7.0,6.0,0.0
1532,70.0,41.0,-7.0,6.0,0.0
1533,70.0,41.0,-7.0,6.0,0.0
1534,70.0,41.0,-7.0,6.0,0.0
1535,70.0,41.0,-7.0,7.0,0.0
1536,70.0,41.0,-7.0,7.0,0.0
1537,70.0,42.0,-7.0,8.0,0.0
1538,70.0,42.0,-7.0,8.0,0.0
1539,70.0,42.0,-7.0,8.0,0.0
1540,70.0,42.0,-8.0,9.0,0.0
1541,70.0,41.0,-8.0,9.0,0.0
1542,70.0,41.0,-8.0,9.0,0.0
1543,70.0,41.0,-8.0,9.0,0.0
1544,70.0,41.0,-8.0,9.0,0.0
1545,70.0,41.0,-8.0,9.0,0.0
1546,70.0,41.0,-8.0,9.0,0.0
1547,70.0,41.0,-8.0,9.0,0.0
1548,69.0,41.0,-8.0,9.0,0.0
1549,69.0,41.0,-8.0,9.0,0.0
1550,69.0,42.0,-8.0,9.0,0.0
1551,69.0,43.0,-8.0,9.0,0.0
1552,69.0,43.0,-8.0,10.0,0.0
1553,69.0,44.0,-8.0,10.0,0.0
1554,69.0,44.0,-8.0,10.0,0.0
1555,69.0,45.0,-8.0,9.0,0.0
1556,69.0,45.0,-8.0,9.0,0.0
1557,68.0,45.0,-8.0,8.0,0.0
1558,68.0,45.0,-9.0,8.0,0.0
1559,67.0,45.0,-9.0,8.0,0.0
1560,67.0,45.0,-9.0,8.0,0.0
1561,66.0,44.0,-9.0,8.0,0.0
1562,66.0,44.0,-10.0,9.0,0.0
1563,66.0,44.0,-10.0,9.0,0.0
1564,66.0,44.0,-10.0,9.0,0.0
1565,67.0,44.0,-9.0,9.0,0.0
1566,67.0,44.0,-9.0,9.0,0.0
1567,67.0,44.0,-9.0,9.0,0.0
1568,68.0,44.0,-8.0,9.0,0.0
1569,68.0,44.0,-8.0,9.0,0.0
1570,68.0,45.0,-7.0,9.0,0.0
1571,69.0,45.0,-7.0,9.0,0.0
1572,69.0,45.0,-6.0,10.0,0.0
1573,69.0,45.0,-6.0,10.0,0.0
1574,70.0,45.0,-6.0,10.0,0.0
1575,70.0,46.0,-5.0,10.0,0.0
1576,70.0,46.0,-5.0,9.0,0.0
1577,70.0,46.0,-4.0,9.0,0.0
1578,71.0,46.0,-4.0,9.0,0.0
1579,71.0,46.0,-4.0,9.0,0.0
1580,71.0,46.0,-4.0,10.0,0.0
1581,72.0,46.0,-3.0,10.0,0.0
1582,72.0,46.0,-3.0,10.0,0.0
1583,72.0,46.0,-3.0,10.0,0.0
1584,71.0,47.0,-3.0,10.0,0.0
1585,71.0,47.0,-3.0,11.0,0.0
1586,71.0,47.0,-3.0,11.0,0.0
1587,72.0,48.0,-3.0,11.0,0.0
1588,73.0,49.0,-3.0,11.0,0.0
1589,73.0,49.0,-2.0,11.0,0.0
1590,73.0,50.0,-2.0,11.0,0.0
1591,73.0,50.0,-2.0,11.0,0.0
1592,73.0,50.0,-2.0,11.0,0.0
1593,73.0,51.0,-2.0,11.0,0.0
1594,73.0,51.0,-2.0,11.0,0.0
1595,72.0,51.0,-2.0,10.0,0.0
1596,71.0,51.0,-2.0,10.0,0.0
1597,71.0,51.0,-2.0,9.0,0.0
1598,71.0,51.0,-2.0,9.0,0.0
1599,71.0,52.0,-1.0,9.0,0.0
1600,71.0,52.0,-1.0,8.0,0.0
1601,71.0,52.0,-1.0,7.0,0.0
1602,71.0,52.0,-1.0,7.0,0.0
1603,72.0,52.0,-1.0,6.0,0.0
1604,72.0,52.0,-1.0,6.0,0.0
1605,72.0,53.0,-1.0,6.0,0.0
1606,71.0,53.0,-2.0,5.0,0.0
1607,71.0,53.0,-2.0,5.0,0.0
1608,70.0,53.0,-2.0,5.0,0.0
1609,70.0,54.0,-2.0,5.0,0.0
1610,69.0,54.0,-3.0,5.0,0.0
1611,69.0,54.0,-3.0,5.0,0.0
1612,68.0,53.0,-4.0,4.0,0.0
1613,67.0,52.0,-4.0,4.0,0.0
1614,66.0,52.0,-4.0,4.0,0.0
1615,66.0,53.0,-4.0,4.0,0.0
1616,65.0,53.0,-5.0,5.0,0.0
1617,64.0,52.0,-5.0,5.0,0.0
1618,64.0,52.0,-5.0,5.0,0.0
1619,64.0,51.0,-7.0,6.0,0.0
1620,63.0,50.0,-9.0,7.0,0.0
1621,62.0,50.0,-11.0,6.0,0.0
1622,63.0,50.0,-15.0,6.0,0.0
1623,63.0,50.0,-16.0,7.0,0.0
1624,65.0,51.0,-14.0,6.0,0.0
1625,68.0,50.0,-11.0,2.0,0.0
1626,66.0,47.0,-12.0,-5.0,0.0
1627,66.0,43.0,-16.0,-15.0,0.0
1628,66.0,36.0,-19.0,-24.0,0.0
1629,64.0,30.0,-14.0,-26.0,0.0
1630,56.0,22.0,1.0,-23.0,0.0
1631,48.0,13.0,6.0,-21.0,0.0
1632,43.0,5.0,7.0,-22.0,0.0
1633,40.0,3.0,6.0,-25.0,0.0
1634,43.0,4.0,4.0,-27.0,0.0
1635,44.0,1.0,3.0,-28.0,0.0
1636,43.0,0.0,1.0,-28.0,0.0
1637,45.0,-1.0,-1.0,-30.0,0.0
1638,43.0,-4.0,-4.0,-29.0,0.0
1639,43.0,-6.0,-8.0,-30.0,0.0
1640,43.0,-7.0,-13.0,-31.0,0.0
1641,45.0,-8.0,-17.0,-33.0,0.0
1642,46.0,-9.0,-21.0,-35.0,0.0
1643,46.0,-9.0,-24.0,-36.0,0.0
1644,48.0,-9.0,-25.0,-38.0,0.0
1645,49.0,-8.0,-26.0,-40.0,0.0
1646,52.0,-4.0,-29.0,-42.0,0.0
1647,53.0,-1.0,-31.0,-43.0,0.0
1648,52.0,0.0,-32.0,-42.0,0.0
1649,52.0,0.0,-34.0,-43.0,0.0
1650,53.0,-2.0,-36.0,-43.0,0.0
1651,55.0,-2.0,-37.0,-43.0,0.0
1652,55.0,-1.0,-39.0,-43.0,0.0
1653,53.0,-1.0,-41.0,-44.0,0.0
1654,54.0,-2.0,-43.0,-45.0,0.0
1655,53.0,-2.0,-46.0,-45.0,0.0
1656,50.0,-2.0,-46.0,-45.0,0.0
1657,49.0,-3.0,-47.0,-43.0,0.0
1658,49.0,-5.0,-46.0,-39.0,0.0
1659,47.0,-6.0,-46.0,-40.0,0.0
1660,46.0,-6.0,-46.0,-39.0,0.0
1661,45.0,-7.0,-45.0,-40.0,0.0
1662,44.0,-7.0,-45.0,-39.0,0.0
1663,43.0,-6.0,-45.0,-39.0,0.0
1664,43.0,0.0,-44.0,-39.0,0.0
1665,49.0,9.0,-43.0,-42.0,0.0
1666,57.0,19.0,-42.0,-46.0,0.0
1667,60.0,24.0,-40.0,-47.0,0.0
1668,58.0,23.0,-35.0,-45.0,0.0
1669,61.0,25.0,-33.0,-43.0,0.0
1670,62.0,25.0,-31.0,-41.0,0.0
1671,59.0,22.0,-31.0,-39.0,0.0
1672,58.0,22.0,-39.0,-35.0,0.0
1673,57.0,23.0,-48.0,-34.0,0.0
1674,60.0,22.0,-52.0,-35.0,0.0
1675,59.0,20.0,-55.0,-33.0,0.0
1676,58.0,20.0,-57.0,-32.0,0.0
1677,58.0,20.0,-58.0,-30.0,0.0
1678,57.0,20.0,-58.0,-29.0,0.0
1679,57.0,19.0,-57.0,-27.0,0.0
1680,57.0,19.0,-56.0,-26.0,0.0
1681,57.0,20.0,-54.0,-25.0,0.0
1682,57.0,21.0,-53.0,-23.0,0.0
1683,57.0,20.0,-51.0,-22.0,0.0
1684,56.0,20.0,-48.0,-21.0,0.0
1685,58.0,21.0,-47.0,-20.0,0.0
1686,59.0,22.0,-46.0,-18.0,0.0
1687,60.0,22.0,-44.0,-17.0,0.0
1688,60.0,22.0,-42.0,-17.0,0.0
1689,61.0,22.0,-41.0,-16.0,0.0
1690,61.0,22.0,-40.0,-16.0,0.0
1691,61.0,22.0,-39.0,-15.0,0.0
1692,62.0,22.0,-37.0,-15.0,0.0
1693,62.0,22.0,-36.0,-14.0,0.0
1694,62.0,22.0,-34.0,-13.0,0.0
1695,62.0,21.0,-33.0,-12.0,0.0
1696,62.0,21.0,-32.0,-12.0,0.0
1697,62.0,20.0,-30.0,-12.0,0.0
1698,62.0,19.0,-29.0,-11.0,0.0
1699,62.0,18.0,-28.0,-10.0,0.0
1700,63.0,17.0,-26.0,-10.0,0.0
1701,62.0,15.0,-25.0,-10.0,0.0
1702,62.0,13.0,-25.0,-9.0,0.0
1703,61.0,11.0,-24.0,-8.0,0.0
1704,60.0,9.0,-24.0,-7.0,0.0
1705,60.0,8.0,-24.0,-6.0,0.0
1706,60.0,8.0,-25.0,-6.0,0.0
1707,61.0,8.0,-25.0,-6.0,0.0
1708,61.0,8.0,-26.0,-5.0,0.0
1709,61.0,7.0,-26.0,-5.0,0.0
1710,60.0,7.0,-27.0,-4.0,0.0
1711,60.0,7.0,-27.0,-3.0,0.0
1712,60.0,7.0,-27.0,-1.0,0.0
1713,60.0,7.0,-27.0,0.0,0.0
1714,62.0,7.0,-28.0,0.0,0.0
1715,65.0,9.0,-28.0,-1.0,0.0
1716,67.0,10.0,-28.0,-3.0,0.0
1717,68.0,10.0,-28.0,-3.0,0.0
1718,69.0,10.0,-28.0,-3.0,0.0
1719,71.0,11.0,-28.0,-4.0,0.0
1720,71.0,12.0,-29.0,-5.0,0.0
1721,71.0,12.0,-29.0,-5.0,0.0
1722,71.0,12.0,-29.0,-6.0,0.0
1723,71.0,12.0,-29.0,-8.0,0.0
1724,71.0,12.0,-29.0,-9.0,0.0
1725,71.0,13.0,-29.0,-9.0,0.0
1726,71.0,13.0,-29.0,-9.0,0.0
1727,71.0,13.0,-29.0,-10.0,0.0
1728,72.0,14.0,-29.0,-11.0,0.0
1729,73.0,14.0,-28.0,-13.0,0.0
1730,74.0,15.0,-28.0,-14.0,0.0
1731,74.0,18.0,-28.0,-15.0,0.0
1732,73.0,22.0,-27.0,-15.0,0.0
1733,70.0,21.0,-26.0,-13.0,0.0
1734,68.0,21.0,-26.0,-11.0,0.0
1735,66.0,21.0,-27.0,-9.0,0.0
1736,67.0,23.0,-25.0,-6.0,0.0
1737,66.0,25.0,-24.0,-5.0,0.0
1738,66.0,26.0,-24.0,-4.0,0.0
1739,68.0,28.0,-22.0,-3.0,0.0
1740,69.0,29.0,-20.0,-4.0,0.0
1741,71.0,29.0,-19.0,-6.0,0.0
1742,71.0,31.0,-19.0,-6.0,0.0
1743,72.0,32.0,-18.0,-6.0,0.0
1744,72.0,33.0,-18.0,-6.0,0.0
1745,73.0,35.0,-18.0,-4.0,0.0
1746,72.0,37.0,-19.0,-4.0,0.0
1747,69.0,39.0,-21.0,-4.0,0.0
1748,69.0,41.0,-23.0,-5.0,0.0
1749,71.0,42.0,-23.0,-5.0,0.0
1750,71.0,42.0,-21.0,-5.0,0.0
1751,70.0,43.0,-20.0,-5.0,0.0
1752,70.0,43.0,-19.0,-5.0,0.0
1753,70.0,43.0,-17.0,-5.0,0.0
1754,69.0,43.0,-16.0,-4.0,0.0
1755,68.0,43.0,-13.0,-4.0,0.0
1756,64.0,42.0,-11.0,-3.0,0.0
1757,60.0,40.0,-6.0,-1.0,0.0
1758,55.0,38.0,-4.0,1.0,0.0
1759,53.0,36.0,-3.0,3.0,0.0
1760,55.0,30.0,-1.0,3.0,0.0
1761,56.0,27.0,-2.0,2.0,0.0
1762,59.0,27.0,-2.0,1.0,0.0
1763,63.0,28.0,-1.0,0.0,0.0
1764,67.0,31.0,1.0,3.0,0.0
1765,69.0,31.0,0.0,1.0,0.0
1766,70.0,30.0,-1.0,-1.0,0.0
1767,70.0,30.0,-4.0,-2.0,0.0
1768,72.0,28.0,-3.0,-4.0,0.0
1769,72.0,28.0,-5.0,-5.0,0.0
1770,73.0,27.0,-6.0,-7.0,0.0
1771,75.0,29.0,-6.0,-3.0,0.0
1772,69.0,24.0,-5.0,-1.0,0.0
1773,63.0,21.0,-7.0,0.0,0.0
1774,55.0,10.0,-6.0,1.0,0.0
1775,52.0,5.0,-7.0,3.0,0.0
1776,48.0,3.0,-6.0,5.0,0.0
1777,42.0,0.0,-8.0,10.0,0.0
1778,40.0,1.0,-11.0,13.0,0.0
1779,39.0,0.0,-13.0,14.0,0.0
1780,41.0,-1.0,-13.0,14.0,0.0
1781,42.0,-2.0,-14.0,13.0,0.0
1782,43.0,-2.0,-14.0,12.0,0.0
1783,44.0,-3.0,-14.0,12.0,0.0
1784,45.0,-3.0,-15.0,12.0,0.0
1785,46.0,-4.0,-16.0,11.0,0.0
1786,46.0,-4.0,-16.0,11.0,0.0
1787,48.0,-4.0,-16.0,11.0,0.0
1788,49.0,-4.0,-17.0,11.0,0.0
1789,50.0,-4.0,-17.0,11.0,0.0
1790,51.0,-4.0,-18.0,10.0,0.0
1791,52.0,-5.0,-18.0,10.0,0.0
1792,53.0,-5.0,-19.0,9.0,0.0
1793,53.0,-5.0,-19.0,9.0,0.0
1794,54.0,-6.0,-19.0,8.0,0.0
1795,55.0,-6.0,-20.0,8.0,0.0
1796,55.0,-7.0,-21.0,7.0,0.0
1797,56.0,-7.0,-21.0,7.0,0.0
1798,56.0,-7.0,-22.0,6.0,0.0
1799,57.0,-7.0,-23.0,5.0,0.0
1800,59.0,-7.0,-24.0,4.0,0.0
1801,60.0,-8.0,-24.0,2.0,0.0
1802,62.0,-8.0,-25.0,0.0,0.0
1803,64.0,-8.0,-26.0,-3.0,0.0
1804,65.0,-8.0,-29.0,-6.0,0.0
1805,66.0,-7.0,-31.0,-7.0,0.0
1806,67.0,-6.0,-32.0,-8.0,0.0
1807,67.0,-5.0,-33.0,-9.0,0.0
1808,67.0,-5.0,-33.0,-9.0,0.0
1809,67.0,-5.0,-33.0,-10.0,0.0
1810,66.0,-5.0,-33.0,-11.0,0.0
1811,66.0,-6.0,-33.0,-11.0,0.0
1812,65.0,-7.0,-33.0,-12.0,0.0
1813,65.0,-7.0,-33.0,-13.0,0.0
1814,64.0,-9.0,-33.0,-14.0,0.0
1815,63.0,-9.0,-31.0,-14.0,0.0
1816,62.0,-10.0,-28.0,-14.0,0.0
1817,60.0,-10.0,-25.0,-14.0,0.0
1818,59.0,-11.0,-23.0,-14.0,0.0
1819,59.0,-10.0,-24.0,-14.0,0.0
1820,61.0,-8.0,-25.0,-13.0,0.0
1821,62.0,-8.0,-26.0,-13.0,0.0
1822,61.0,-8.0,-27.0,-13.0,0.0
1823,60.0,-8.0,-27.0,-13.0,0.0
1824,59.0,-9.0,-29.0,-14.0,0.0
1825,59.0,-10.0,-32.0,-15.0,0.0
1826,57.0,-11.0,-33.0,-17.0,0.0
1827,56.0,-12.0,-33.0,-18.0,0.0
1828,56.0,-12.0,-34.0,-18.0,0.0
1829,57.0,-11.0,-34.0,-19.0,0.0
1830,57.0,-11.0,-36.0,-19.0,0.0
1831,56.0,-10.0,-39.0,-21.0,0.0
1832,54.0,-11.0,-44.0,-23.0,0.0
1833,53.0,-12.0,-44.0,-24.0,0.0
1834,53.0,-11.0,-45.0,-25.0,0.0
1835,53.0,-11.0,-45.0,-26.0,0.0
1836,52.0,-11.0,-46.0,-27.0,0.0
1837,52.0,-11.0,-47.0,-27.0,0.0
1838,51.0,-10.0,-47.0,-28.0,0.0
1839,51.0,-10.0,-48.0,-28.0,0.0
1840,51.0,-10.0,-48.0,-29.0,0.0
1841,51.0,-9.0,-49.0,-29.0,0.0
1842,51.0,-9.0,-50.0,-30.0,0.0
1843,50.0,-9.0,-50.0,-31.0,0.0
1844,49.0,-9.0,-50.0,-31.0,0.0
1845,49.0,-8.0,-51.0,-31.0,0.0
1846,49.0,-8.0,-52.0,-32.0,0.0
1847,49.0,-8.0,-52.0,-32.0,0.0
1848,48.0,-8.0,-52.0,-32.0,0.0
1849,48.0,-9.0,-51.0,-32.0,0.0
1850,48.0,-8.0,-49.0,-31.0,0.0
1851,49.0,-9.0,-45.0,-30.0,0.0
1852,48.0,-11.0,-43.0,-28.0,0.0
1853,45.0,-14.0,-41.0,-26.0,0.0
1854,41.0,-19.0,-39.0,-25.0,0.0
1855,40.0,-20.0,-37.0,-25.0,0.0
1856,42.0,-16.0,-32.0,-23.0,0.0
1857,52.0,-5.0,-29.0,-21.0,0.0
1858,55.0,1.0,-26.0,-23.0,0.0
1859,58.0,2.0,-24.0,-25.0,0.0
1860,59.0,0.0,-24.0,-24.0,0.0
1861,59.0,-5.0,-25.0,-28.0,0.0
1862,57.0,-7.0,-24.0,-24.0,0.0
1863,52.0,-12.0,-25.0,-24.0,0.0
1864,47.0,-19.0,-25.0,-23.0,0.0
1865,42.0,-22.0,-26.0,-25.0,0.0
1866,42.0,-24.0,-27.0,-25.0,0.0
1867,41.0,-26.0,-28.0,-25.0,0.0
1868,41.0,-26.0,-29.0,-24.0,0.0
1869,41.0,-27.0,-29.0,-23.0,0.0
1870,41.0,-27.0,-30.0,-22.0,0.0
1871,41.0,-28.0,-30.0,-21.0,0.0
1872,39.0,-29.0,-31.0,-19.0,0.0
1873,39.0,-29.0,-31.0,-18.0,0.0
1874,39.0,-29.0,-31.0,-18.0,0.0
1875,40.0,-30.0,-31.0,-17.0,0.0
1876,40.0,-30.0,-31.0,-16.0,0.0
1877,39.0,-31.0,-32.0,-15.0,0.0
1878,41.0,-32.0,-32.0,-14.0,0.0
1879,41.0,-33.0,-28.0,-13.0,0.0
1880,41.0,-33.0,-29.0,-13.0,0.0
1881,42.0,-34.0,-30.0,-13.0,0.0
1882,42.0,-35.0,-29.0,-12.0,0.0
1883,39.0,-36.0,-23.0,-12.0,0.0
1884,40.0,-36.0,-26.0,-11.0,0.0
1885,40.0,-37.0,-27.0,-11.0,0.0
1886,40.0,-37.0,-29.0,-10.0,0.0
1887,42.0,-37.0,-33.0,-10.0,0.0
1888,41.0,-38.0,-33.0,-10.0,0.0
1889,42.0,-38.0,-36.0,-10.0,0.0
1890,41.0,-39.0,-37.0,-10.0,0.0
1891,41.0,-40.0,-37.0,-9.0,0.0
1892,39.0,-40.0,-34.0,-9.0,0.0
1893,38.0,-40.0,-33.0,-9.0,0.0
1894,38.0,-41.0,-36.0,-9.0,0.0
1895,39.0,-41.0,-38.0,-9.0,0.0
1896,39.0,-41.0,-38.0,-8.0,0.0
1897,38.0,-42.0,-36.0,-8.0,0.0
1898,38.0,-42.0,-35.0,-8.0,0.0
1899,38.0,-42.0,-38.0,-7.0,0.0
1900,38.0,-43.0,-38.0,-7.0,0.0
1901,38.0,-43.0,-38.0,-7.0,0.0
1902,38.0,-43.0,-38.0,-7.0,0.0
1903,38.0,-43.0,-38.0,-7.0,0.0
1904,38.0,-43.0,-36.0,-7.0,0.0
1905,38.0,-43.0,-34.0,-6.0,0.0
1906,38.0,-44.0,-36.0,-6.0,0.0
1907,39.0,-44.0,-40.0,-6.0,0.0
1908,39.0,-44.0,-40.0,-6.0,0.0
1909,38.0,-44.0,-35.0,-6.0,0.0
1910,38.0,-44.0,-37.0,-6.0,0.0
1911,38.0,-45.0,-37.0,-6.0,0.0
1912,41.0,-44.0,-34.0,-5.0,0.0
1913,40.0,-45.0,-34.0,-5.0,0.0
1914,37.0,-45.0,-36.0,-5.0,0.0
1915,38.0,-45.0,-36.0,-5.0,0.0
1916,38.0,-45.0,-36.0,-5.0,0.0
1917,38.0,-45.0,-37.0,-5.0,0.0
1918,38.0,-46.0,-37.0,-5.0,0.0
1919,38.0,-46.0,-37.0,-5.0,0.0
1920,38.0,-46.0,-37.0,-5.0,0.0
1921,38.0,-46.0,-38.0,-5.0,0.0
1922,38.0,-46.0,-38.0,-5.0,0.0
1923,38.0,-46.0,-38.0,-5.0,0.0
1924,38.0,-46.0,-38.0,-5.0,0.0
1925,38.0,-46.0,-38.0,-5.0,0.0
1926,38.0,-46.0,-38.0,-5.0,0.0
1927,38.0,-46.0,-39.0,-5.0,0.0
1928,38.0,-46.0,-39.0,-5.0,0.0
1929,38.0,-46.0,-39.0,-5.0,0.0
1930,38.0,-46.0,-39.0,-5.0,0.0
1931,38.0,-46.0,-39.0,-5.0,0.0
1932,38.0,-46.0,-39.0,-5.0,0.0
1933,38.0,-46.0,-40.0,-5.0,0.0
1934,38.0,-46.0,-40.0,-5.0,0.0
1935,38.0,-46.0,-40.0,-5.0,0.0
1936,38.0,-46.0,-40.0,-5.0,0.0
1937,38.0,-46.0,-40.0,-5.0,0.0
1938,38.0,-46.0,-40.0,-5.0,0.0
1939,38.0,-46.0,-40.0,-5.0,0.0
1940,37.0,-46.0,-41.0,-5.0,0.0
1941,37.0,-46.0,-41.0,-5.0,0.0
1942,37.0,-45.0,-43.0,-6.0,0.0
1943,38.0,-43.0,-43.0,-6.0,0.0
1944,44.0,-35.0,-39.0,-3.0,0.0
1945,48.0,-29.0,-35.0,2.0,0.0
1946,51.0,-24.0,-31.0,9.0,0.0
1947,56.0,-17.0,-28.0,18.0,0.0
1948,61.0,-9.0,-24.0,26.0,0.0
1949,65.0,1.0,-18.0,33.0,0.0
1950,66.0,6.0,-13.0,38.0,0.0
1951,69.0,13.0,-5.0,40.0,0.0
1952,71.0,16.0,1.0,38.0,0.0
1953,70.0,18.0,8.0,37.0,0.0
1954,65.0,18.0,15.0,33.0,0.0
1955,65.0,20.0,14.0,34.0,0.0
1956,63.0,22.0,13.0,34.0,0.0
1957,61.0,23.0,14.0,33.0,0.0
1958,61.0,24.0,14.0,31.0,0.0
1959,60.0,26.0,14.0,30.0,0.0
1960,59.0,28.0,15.0,30.0,0.0
1961,58.0,29.0,15.0,29.0,0.0
1962,58.0,30.0,16.0,28.0,0.0
1963,58.0,31.0,16.0,27.0,0.0
1964,57.0,32.0,16.0,26.0,0.0
1965,58.0,33.0,17.0,26.0,0.0
1966,58.0,34.0,17.0,25.0,0.0
1967,57.0,34.0,16.0,23.0,0.0
1968,56.0,37.0,14.0,24.0,0.0
1969,57.0,38.0,11.0,25.0,0.0
1970,59.0,39.0,12.0,27.0,0.0
1971,58.0,39.0,14.0,29.0,0.0
1972,59.0,40.0,16.0,28.0,0.0
1973,58.0,44.0,18.0,28.0,0.0
1974,57.0,45.0,17.0,29.0,0.0
1975,57.0,46.0,17.0,29.0,0.0
1976,57.0,47.0,16.0,28.0,0.0
1977,57.0,48.0,16.0,28.0,0.0
1978,56.0,48.0,17.0,29.0,0.0
1979,56.0,49.0,17.0,30.0,0.0
1980,55.0,49.0,18.0,31.0,0.0
1981,55.0,50.0,18.0,32.0,0.0
1982,55.0,50.0,19.0,33.0,0.0
1983,54.0,51.0,19.0,33.0,0.0
1984,54.0,52.0,20.0,34.0,0.0
1985,53.0,52.0,20.0,34.0,0.0
1986,53.0,52.0,21.0,34.0,0.0
1987,52.0,53.0,21.0,35.0,0.0
1988,52.0,53.0,21.0,35.0,0.0
1989,51.0,54.0,22.0,35.0,0.0
1990,51.0,54.0,22.0,36.0,0.0
1991,51.0,55.0,22.0,36.0,0.0
1992,50.0,55.0,23.0,36.0,0.0
1993,50.0,55.0,23.0,36.0,0.0
1994,50.0,56.0,23.0,36.0,0.0
1995,49.0,56.0,24.0,36.0,0.0
1996,49.0,56.0,24.0,36.0,0.0
1997,49.0,57.0,24.0,36.0,0.0
1998,48.0,57.0,24.0,36.0,0.0
1999,48.0,57.0,25.0,37.0,0.0
2000,48.0,57.0,25.0,37.0,0.0
2001,48.0,57.0,25.0,37.0,0.0
2002,47.0,57.0,25.0,37.0,0.0
2003,47.0,57.0,26.0,37.0,0.0
2004,47.0,58.0,26.0,37.0,0.0
2005,47.0,58.0,26.0,38.0,0.0
2006,46.0,57.0,26.0,38.0,0.0
2007,46.0,57.0,26.0,39.0,0.0
2008,46.0,57.0,26.0,39.0,0.0
2009,46.0,57.0,26.0,39.0,0.0
2010,45.0,57.0,26.0,39.0,0.0
2011,45.0,57.0,27.0,40.0,0.0
2012,45.0,57.0,27.0,40.0,0.0
2013,45.0,57.0,27.0,40.0,0.0
2014,44.0,57.0,28.0,40.0,0.0
2015,44.0,57.0,27.0,39.0,0.0
2016,43.0,58.0,28.0,39.0,0.0
2017,43.0,58.0,25.0,41.0,0.0
2018,44.0,59.0,24.0,42.0,0.0
2019,45.0,60.0,23.0,41.0,0.0
2020,45.0,61.0,23.0,41.0,0.0
2021,45.0,61.0,22.0,41.0,0.0
2022,45.0,61.0,23.0,42.0,0.0
2023,44.0,60.0,24.0,43.0,0.0
2024,43.0,59.0,26.0,44.0,0.0
2025,42.0,60.0,26.0,44.0,0.0
2026,40.0,61.0,23.0,44.0,0.0
2027,42.0,61.0,23.0,44.0,0.0
2028,41.0,61.0,24.0,46.0,0.0
2029,41.0,61.0,25.0,46.0,0.0
2030,41.0,61.0,26.0,46.0,0.0
2031,40.0,60.0,28.0,47.0,0.0
2032,40.0,60.0,31.0,47.0,0.0
2033,40.0,60.0,34.0,47.0,0.0
2034,41.0,60.0,35.0,47.0,0.0
2035,41.0,60.0,37.0,47.0,0.0
2036,41.0,60.0,38.0,47.0,0.0
2037,41.0,60.0,38.0,47.0,0.0
2038,41.0,60.0,39.0,47.0,0.0
2039,40.0,60.0,40.0,48.0,0.0
2040,38.0,59.0,41.0,48.0,0.0
2041,37.0,59.0,42.0,48.0,0.0
2042,36.0,59.0,43.0,48.0,0.0
2043,36.0,59.0,44.0,48.0,0.0
2044,36.0,59.0,45.0,48.0,0.0
2045,36.0,58.0,46.0,48.0,0.0
2046,36.0,58.0,47.0,48.0,0.0
2047,36.0,58.0,48.0,48.0,0.0
2048,36.0,58.0,49.0,48.0,0.0
2049,36.0,58.0,49.0,48.0,0.0
2050,36.0,58.0,49.0,48.0,0.0
2051,36.0,58.0,50.0,48.0,0.0
2052,36.0,58.0,51.0,48.0,0.0
2053,35.0,57.0,51.0,48.0,0.0
2054,35.0,57.0,52.0,48.0,0.0
2055,35.0,58.0,52.0,48.0,0.0
2056,35.0,57.0,53.0,48.0,0.0
2057,35.0,57.0,54.0,48.0,0.0
2058,35.0,58.0,54.0,48.0,0.0
2059,35.0,57.0,55.0,48.0,0.0
2060,35.0,58.0,55.0,48.0,0.0
2061,34.0,58.0,56.0,48.0,0.0
2062,34.0,58.0,56.0,48.0,0.0
2063,34.0,58.0,56.0,48.0,0.0
2064,34.0,58.0,57.0,48.0,0.0
2065,34.0,58.0,57.0,48.0,0.0
2066,34.0,58.0,57.0,48.0,0.0
2067,34.0,58.0,57.0,48.0,0.0
2068,34.0,58.0,58.0,48.0,0.0
2069,34.0,58.0,58.0,48.0,0.0
2070,34.0,57.0,58.0,48.0,0.0
2071,34.0,57.0,59.0,48.0,0.0
2072,34.0,57.0,59.0,48.0,0.0
2073,34.0,57.0,59.0,48.0,0.0
2074,34.0,57.0,59.0,48.0,0.0
2075,33.0,57.0,59.0,48.0,0.0
2076,33.0,57.0,59.0,48.0,0.0
2077,33.0,57.0,60.0,48.0,0.0
2078,33.0,57.0,60.0,48.0,0.0
2079,33.0,57.0,60.0,48.0,0.0
2080,33.0,57.0,60.0,48.0,0.0
2081,33.0,57.0,60.0,48.0,0.0
2082,33.0,57.0,61.0,48.0,0.0
2083,33.0,57.0,61.0,48.0,0.0
2084,33.0,57.0,61.0,48.0,0.0
2085,33.0,57.0,61.0,48.0,0.0
2086,33.0,57.0,61.0,48.0,0.0
2087,33.0,57.0,61.0,48.0,0.0
2088,33.0,57.0,61.0,48.0,0.0
2089,33.0,57.0,61.0,48.0,0.0
2090,33.0,57.0,62.0,48.0,0.0
2091,33.0,57.0,62.0,48.0,0.0
2092,33.0,57.0,62.0,48.0,0.0
2093,33.0,57.0,62.0,48.0,0.0
2094,33.0,57.0,62.0,48.0,0.0
2095,33.0,57.0,62.0,48.0,0.0
2096,33.0,56.0,62.0,48.0,0.0
2097,33.0,56.0,62.0,48.0,0.0
2098,33.0,56.0,62.0,48.0,0.0
2099,32.0,55.0,61.0,48.0,0.0
2100,32.0,54.0,61.0,48.0,0.0
2101,31.0,54.0,60.0,48.0,0.0
2102,32.0,53.0,60.0,48.0,0.0
2103,32.0,53.0,60.0,48.0,0.0
2104,32.0,53.0,60.0,49.0,0.0
2105,32.0,52.0,60.0,49.0,0.0
2106,33.0,52.0,60.0,49.0,0.0
2107,33.0,52.0,60.0,49.0,0.0
2108,33.0,51.0,60.0,49.0,0.0
2109,33.0,51.0,60.0,49.0,0.0
2110,33.0,51.0,59.0,50.0,0.0
2111,34.0,50.0,59.0,50.0,0.0
2112,34.0,50.0,59.0,50.0,0.0
2113,34.0,49.0,59.0,50.0,0.0
2114,34.0,49.0,59.0,50.0,0.0
2115,34.0,49.0,59.0,51.0,0.0
2116,35.0,48.0,59.0,51.0,0.0
2117,35.0,48.0,59.0,51.0,0.0
2118,35.0,47.0,58.0,51.0,0.0
2119,35.0,47.0,58.0,52.0,0.0
2120,34.0,46.0,58.0,52.0,0.0
2121,34.0,45.0,57.0,52.0,0.0
2122,35.0,44.0,57.0,52.0,0.0
2123,35.0,44.0,57.0,52.0,0.0
2124,33.0,41.0,56.0,51.0,0.0
2125,31.0,37.0,55.0,50.0,0.0
2126,30.0,34.0,52.0,48.0,0.0
2127,30.0,32.0,50.0,46.0,0.0
2128,29.0,28.0,46.0,44.0,0.0
2129,31.0,26.0,42.0,41.0,0.0
2130,30.0,22.0,39.0,36.0,0.0
2131,30.0,15.0,32.0,30.0,0.0
2132,31.0,13.0,25.0,24.0,0.0
2133,34.0,12.0,19.0,15.0,0.0
2134,28.0,-2.0,11.0,5.0,0.0
2135,27.0,1.0,11.0,8.0,0.0
2136,31.0,1.0,8.0,6.0,0.0
2137,33.0,2.0,7.0,6.0,0.0
2138,37.0,5.0,7.0,8.0,0.0
2139,40.0,7.0,6.0,8.0,0.0
2140,43.0,9.0,5.0,8.0,0.0
2141,47.0,10.0,5.0,8.0,0.0
2142,49.0,11.0,5.0,8.0,0.0
2143,52.0,12.0,4.0,8.0,0.0
2144,54.0,12.0,4.0,8.0,0.0
2145,55.0,12.0,3.0,8.0,0.0
2146,57.0,11.0,3.0,7.0,0.0
2147,58.0,11.0,2.0,7.0,0.0
2148,59.0,11.0,2.0,6.0,0.0
2149,60.0,11.0,2.0,6.0,0.0
2150,62.0,11.0,1.0,5.0,0.0
2151,63.0,11.0,1.0,5.0,0.0
2152,64.0,10.0,0.0,5.0,0.0
2153,65.0,10.0,0.0,4.0,0.0
2154,66.0,10.0,0.0,4.0,0.0
2155,67.0,10.0,-1.0,4.0,0.0
2156,68.0,9.0,-1.0,4.0,0.0
2157,69.0,9.0,-1.0,3.0,0.0
2158,69.0,9.0,-2.0,3.0,0.0
2159,70.0,9.0,-2.0,3.0,0.0
2160,71.0,9.0,-2.0,3.0,0.0
2161,72.0,8.0,-3.0,3.0,0.0
2162,72.0,8.0,-3.0,3.0,0.0
2163,73.0,8.0,-3.0,2.0,0.0
2164,74.0,8.0,-3.0,2.0,0.0
2165,74.0,8.0,-4.0,2.0,0.0
2166,75.0,8.0,-4.0,2.0,0.0
2167,75.0,7.0,-4.0,2.0,0.0
2168,76.0,7.0,-4.0,2.0,0.0
2169,77.0,7.0,-5.0,2.0,0.0
2170,77.0,7.0,-5.0,2.0,0.0
2171,78.0,7.0,-5.0,1.0,0.0
2172,78.0,7.0,-5.0,1.0,0.0
2173,78.0,7.0,-5.0,1.0,0.0
2174,79.0,6.0,-5.0,1.0,0.0
2175,79.0,6.0,-6.0,1.0,0.0
2176,80.0,6.0,-6.0,1.0,0.0
2177,80.0,6.0,-6.0,1.0,0.0
2178,80.0,6.0,-6.0,1.0,0.0
2179,81.0,6.0,-6.0,1.0,0.0
2180,81.0,6.0,-6.0,1.0,0.0
2181,81.0,5.0,-6.0,1.0,0.0
2182,82.0,5.0,-7.0,1.0,0.0
2183,82.0,5.0,-7.0,1.0,0.0
2184,82.0,5.0,-7.0,1.0,0.0
2185,82.0,5.0,-7.0,1.0,0.0
2186,83.0,5.0,-7.0,0.0,0.0
2187,83.0,5.0,-7.0,0.0,0.0
2188,83.0,5.0,-7.0,0.0,0.0
2189,83.0,5.0,-8.0,0.0,0.0
2190,83.0,4.0,-8.0,0.0,0.0
2191,83.0,4.0,-8.0,0.0,0.0
2192,84.0,4.0,-8.0,0.0,0.0
2193,84.0,4.0,-8.0,0.0,0.0
2194,84.0,4.0,-8.0,0.0,0.0
2195,84.0,4.0,-8.0,0.0,0.0
2196,84.0,4.0,-8.0,0.0,0.0
2197,84.0,4.0,-9.0,0.0,0.0
2198,85.0,4.0,-9.0,0.0,0.0
2199,85.0,4.0,-9.0,0.0,0.0
2200,85.0,4.0,-9.0,0.0,0.0
2201,85.0,4.0,-9.0,0.0,0.0
2202,85.0,4.0,-9.0,0.0,0.0
2203,85.0,4.0,-9.0,0.0,0.0
2204,86.0,4.0,-9.0,0.0,0.0
2205,86.0,4.0,-9.0,0.0,0.0
2206,86.0,4.0,-9.0,0.0,0.0
2207,86.0,4.0,-9.0,-1.0,0.0
2208,86.0,4.0,-9.0,-1.0,0.0
2209,86.0,4.0,-9.0,-1.0,0.0
2210,86.0,3.0,-9.0,-1.0,0.0
2211,86.0,3.0,-9.0,-1.0,0.0
2212,86.0,4.0,-9.0,-1.0,0.0
2213,86.0,3.0,-10.0,-1.0,0.0
2214,86.0,3.0,-10.0,-1.0,0.0
2215,86.0,3.0,-10.0,-1.0,0.0
2216,86.0,3.0,-10.0,-1.0,0.0
2217,86.0,3.0,-10.0,-1.0,0.0
2218,87.0,3.0,-10.0,-1.0,0.0
2219,87.0,3.0,-10.0,-1.0,0.0
2220,87.0,3.0,-10.0,-1.0,0.0
2221,87.0,3.0,-10.0,-1.0,0.0
2222,87.0,3.0,-10.0,-1.0,0.0
2223,87.0,3.0,-10.0,-1.0,0.0
2224,86.0,3.0,-10.0,-1.0,0.0
2225,86.0,3.0,-10.0,-2.0,0.0
2226,86.0,2.0,-10.0,-2.0,0.0
2227,86.0,1.0,-10.0,-3.0,0.0
2228,85.0,0.0,-11.0,-4.0,0.0
2229,85.0,0.0,-11.0,-4.0,0.0
2230,85.0,0.0,-11.0,-4.0,0.0
2231,85.0,0.0,-11.0,-4.0,0.0
2232,85.0,0.0,-12.0,-5.0,0.0
2233,85.0,0.0,-12.0,-5.0,0.0
2234,84.0,0.0,-12.0,-5.0,0.0
2235,84.0,-1.0,-13.0,-5.0,0.0
2236,83.0,-1.0,-13.0,-5.0,0.0
2237,83.0,-1.0,-14.0,-5.0,0.0
2238,83.0,-1.0,-14.0,-5.0,0.0
2239,83.0,-2.0,-14.0,-5.0,0.0
2240,83.0,-2.0,-14.0,-6.0,0.0
2241,83.0,-2.0,-15.0,-5.0,0.0
2242,83.0,-2.0,-15.0,-5.0,0.0
2243,83.0,-2.0,-15.0,-5.0,0.0
2244,83.0,-2.0,-15.0,-5.0,0.0
2245,83.0,-1.0,-15.0,-5.0,0.0
2246,83.0,-1.0,-15.0,-5.0,0.0
2247,83.0,-1.0,-15.0,-5.0,0.0
2248,83.0,-1.0,-15.0,-6.0,0.0
2249,83.0,-1.0,-15.0,-6.0,0.0
2250,83.0,-1.0,-15.0,-6.0,0.0
2251,83.0,-1.0,-15.0,-6.0,0.0
2252,83.0,-1.0,-16.0,-6.0,0.0
2253,82.0,-1.0,-16.0,-6.0,0.0
2254,82.0,-1.0,-16.0,-6.0,0.0
2255,82.0,-2.0,-16.0,-6.0,0.0
2256,81.0,-3.0,-16.0,-7.0,0.0
2257,81.0,-3.0,-16.0,-7.0,0.0
2258,81.0,-5.0,-16.0,-9.0,0.0
2259,78.0,-9.0,-16.0,-12.0,0.0
2260,75.0,-12.0,-14.0,-13.0,0.0
2261,71.0,-16.0,-12.0,-13.0,0.0
2262,66.0,-22.0,-8.0,-13.0,0.0
2263,62.0,-25.0,-2.0,-13.0,0.0
2264,58.0,-28.0,2.0,-12.0,0.0
2265,56.0,-30.0,4.0,-11.0,0.0
2266,54.0,-31.0,7.0,-9.0,0.0
2267,52.0,-32.0,7.0,-7.0,0.0
2268,50.0,-33.0,8.0,-5.0,0.0
2269,49.0,-33.0,8.0,-4.0,0.0
2270,48.0,-33.0,8.0,-3.0,0.0
2271,48.0,-33.0,6.0,-2.0,0.0
2272,46.0,-33.0,5.0,-2.0,0.0
2273,47.0,-32.0,3.0,-2.0,0.0
2274,47.0,-32.0,0.0,-2.0,0.0
2275,48.0,-31.0,-3.0,-2.0,0.0
2276,49.0,-29.0,-6.0,-2.0,0.0
2277,50.0,-28.0,-9.0,-2.0,0.0
2278,50.0,-28.0,-12.0,-3.0,0.0
2279,53.0,-25.0,-16.0,-2.0,0.0
2280,53.0,-24.0,-20.0,-3.0,0.0
2281,54.0,-23.0,-26.0,-5.0,0.0
2282,54.0,-23.0,-29.0,-7.0,0.0
2283,53.0,-25.0,-34.0,-9.0,0.0
2284,48.0,-29.0,-34.0,-10.0,0.0
2285,47.0,-29.0,-35.0,-10.0,0.0
2286,46.0,-30.0,-36.0,-12.0,0.0
2287,43.0,-31.0,-37.0,-12.0,0.0
2288,41.0,-33.0,-38.0,-13.0,0.0
2289,41.0,-32.0,-38.0,-13.0,0.0
2290,40.0,-32.0,-39.0,-13.0,0.0
2291,40.0,-32.0,-39.0,-14.0,0.0
2292,40.0,-32.0,-40.0,-15.0,0.0
2293,40.0,-32.0,-40.0,-15.0,0.0
2294,40.0,-32.0,-40.0,-16.0,0.0
2295,40.0,-32.0,-40.0,-16.0,0.0
2296,39.0,-31.0,-41.0,-17.0,0.0
2297,38.0,-31.0,-40.0,-18.0,0.0
2298,37.0,-31.0,-41.0,-19.0,0.0
2299,38.0,-31.0,-41.0,-19.0,0.0
2300,38.0,-31.0,-41.0,-19.0,0.0
2301,37.0,-31.0,-35.0,-20.0,0.0
2302,37.0,-31.0,-30.0,-19.0,0.0
2303,37.0,-32.0,-38.0,-20.0,0.0
2304,37.0,-32.0,-42.0,-20.0,0.0
2305,36.0,-32.0,-44.0,-20.0,0.0
2306,36.0,-32.0,-44.0,-21.0,0.0
2307,37.0,-32.0,-44.0,-21.0,0.0
2308,37.0,-32.0,-44.0,-21.0,0.0
2309,38.0,-31.0,-44.0,-21.0,0.0
2310,37.0,-31.0,-45.0,-22.0,0.0
2311,37.0,-32.0,-46.0,-22.0,0.0
2312,38.0,-32.0,-46.0,-22.0,0.0
2313,38.0,-32.0,-46.0,-23.0,0.0
2314,38.0,-32.0,-46.0,-23.0,0.0
2315,38.0,-32.0,-46.0,-23.0,0.0
2316,38.0,-32.0,-46.0,-23.0,0.0
2317,38.0,-32.0,-46.0,-24.0,0.0
2318,38.0,-31.0,-46.0,-24.0,0.0
2319,37.0,-31.0,-45.0,-24.0,0.0
2320,37.0,-31.0,-45.0,-25.0,0.0
2321,37.0,-31.0,-46.0,-25.0,0.0
2322,37.0,-31.0,-46.0,-25.0,0.0
2323,37.0,-31.0,-46.0,-25.0,0.0
2324,37.0,-31.0,-46.0,-25.0,0.0
2325,37.0,-31.0,-46.0,-25.0,0.0
2326,37.0,-31.0,-46.0,-26.0,0.0
2327,37.0,-31.0,-47.0,-26.0,0.0
2328,36.0,-31.0,-47.0,-26.0,0.0
2329,36.0,-31.0,-47.0,-26.0,0.0
2330,36.0,-31.0,-48.0,-26.0,0.0
2331,36.0,-31.0,-48.0,-26.0,0.0
2332,36.0,-31.0,-48.0,-27.0,0.0
2333,36.0,-31.0,-48.0,-27.0,0.0
2334,36.0,-31.0,-48.0,-27.0,0.0
2335,36.0,-31.0,-48.0,-27.0,0.0
2336,36.0,-31.0,-49.0,-27.0,0.0
2337,35.0,-31.0,-49.0,-27.0,0.0
2338,35.0,-31.0,-49.0,-27.0,0.0
2339,35.0,-31.0,-49.0,-27.0,0.0
2340,35.0,-31.0,-49.0,-27.0,0.0
2341,35.0,-31.0,-49.0,-27.0,0.0
2342,35.0,-31.0,-49.0,-27.0,0.0
2343,35.0,-31.0,-50.0,-27.0,0.0
2344,35.0,-31.0,-50.0,-28.0,0.0
2345,35.0,-31.0,-50.0,-28.0,0.0
2346,35.0,-31.0,-50.0,-28.0,0.0
2347,35.0,-31.0,-50.0,-28.0,0.0
2348,35.0,-31.0,-50.0,-28.0,0.0
2349,35.0,-31.0,-50.0,-28.0,0.0
2350,34.0,-31.0,-51.0,-28.0,0.0
2351,34.0,-31.0,-51.0,-28.0,0.0
2352,34.0,-31.0,-51.0,-28.0,0.0
2353,34.0,-31.0,-51.0,-28.0,0.0
2354,34.0,-31.0,-51.0,-28.0,0.0
2355,34.0,-31.0,-51.0,-28.0,0.0
2356,34.0,-31.0,-51.0,-28.0,0.0
2357,34.0,-31.0,-51.0,-28.0,0.0
2358,34.0,-31.0,-51.0,-28.0,0.0
2359,34.0,-31.0,-52.0,-28.0,0.0
2360,34.0,-31.0,-52.0,-28.0,0.0
2361,34.0,-31.0,-52.0,-28.0,0.0
2362,34.0,-31.0,-52.0,-28.0,0.0
2363,34.0,-31.0,-52.0,-28.0,0.0
2364,34.0,-31.0,-52.0,-28.0,0.0
2365,34.0,-31.0,-52.0,-28.0,0.0
2366,34.0,-31.0,-52.0,-28.0,0.0
2367,34.0,-31.0,-52.0,-28.0,0.0
2368,34.0,-31.0,-52.0,-28.0,0.0
2369,34.0,-31.0,-52.0,-28.0,0.0
2370,34.0,-31.0,-52.0,-28.0,0.0
2371,34.0,-31.0,-52.0,-28.0,0.0
2372,34.0,-31.0,-52.0,-28.0,0.0
2373,34.0,-31.0,-52.0,-28.0,0.0
2374,34.0,-31.0,-52.0,-28.0,0.0
2375,34.0,-31.0,-52.0,-29.0,0.0
2376,33.0,-31.0,-52.0,-29.0,0.0
2377,33.0,-31.0,-52.0,-29.0,0.0
2378,33.0,-31.0,-52.0,-29.0,0.0
2379,33.0,-31.0,-53.0,-29.0,0.0
2380,33.0,-31.0,-53.0,-29.0,0.0
2381,33.0,-31.0,-53.0,-29.0,0.0
2382,33.0,-31.0,-53.0,-29.0,0.0
2383,33.0,-31.0,-53.0,-29.0,0.0
2384,33.0,-31.0,-53.0,-29.0,0.0
2385,33.0,-31.0,-53.0,-29.0,0.0
2386,33.0,-31.0,-53.0,-29.0,0.0
2387,33.0,-31.0,-53.0,-29.0,0.0
2388,33.0,-31.0,-53.0,-29.0,0.0
2389,33.0,-31.0,-53.0,-29.0,0.0
2390,33.0,-31.0,-53.0,-29.0,0.0
2391,33.0,-31.0,-53.0,-29.0,0.0
2392,33.0,-31.0,-53.0,-29.0,0.0
2393,33.0,-31.0,-53.0,-29.0,0.0
2394,33.0,-31.0,-53.0,-29.0,0.0
2395,33.0,-31.0,-53.0,-29.0,0.0
2396,33.0,-31.0,-53.0,-29.0,0.0
2397,33.0,-31.0,-53.0,-29.0,0.0
2398,33.0,-31.0,-53.0,-29.0,0.0
2399,33.0,-31.0,-53.0,-29.0,0.0
2400,33.0,-31.0,-53.0,-29.0,0.0
2401,33.0,-31.0,-53.0,-29.0,0.0
2402,33.0,-31.0,-53.0,-29.0,0.0
2403,33.0,-31.0,-53.0,-29.0,0.0
2404,33.0,-31.0,-53.0,-29.0,0.0
2405,33.0,-31.0,-53.0,-29.0,0.0
2406,33.0,-31.0,-53.0,-29.0,0.0
2407,33.0,-31.0,-53.0,-29.0,0.0
2408,33.0,-31.0,-53.0,-29.0,0.0
2409,33.0,-31.0,-53.0,-29.0,0.0
2410,33.0,-31.0,-53.0,-29.0,0.0
2411,34.0,-30.0,-53.0,-28.0,0.0
2412,38.0,-24.0,-55.0,-25.0,0.0
2413,43.0,-18.0,-52.0,-23.0,0.0
2414,48.0,-12.0,-46.0,-21.0,0.0
2415,53.0,-8.0,-41.0,-19.0,0.0
2416,58.0,-4.0,-36.0,-17.0,0.0
2417,61.0,0.0,-36.0,-16.0,0.0
2418,64.0,4.0,-36.0,-15.0,0.0
2419,67.0,7.0,-36.0,-14.0,0.0
2420,67.0,8.0,-36.0,-14.0,0.0
2421,67.0,7.0,-37.0,-14.0,0.0
2422,68.0,7.0,-37.0,-13.0,0.0
2423,71.0,10.0,-37.0,-12.0,0.0
2424,73.0,14.0,-37.0,-10.0,0.0
2425,76.0,18.0,-37.0,-8.0,0.0
2426,77.0,20.0,-37.0,-6.0,0.0
2427,77.0,22.0,-38.0,-5.0,0.0
2428,76.0,22.0,-38.0,-4.0,0.0
2429,76.0,22.0,-39.0,-3.0,0.0
2430,75.0,22.0,-40.0,0.0,0.0
2431,75.0,20.0,-39.0,1.0,0.0
2432,78.0,22.0,-38.0,3.0,0.0
2433,78.0,22.0,-36.0,7.0,0.0
2434,77.0,23.0,-34.0,9.0,0.0
2435,77.0,23.0,-32.0,11.0,0.0
2436,76.0,23.0,-31.0,13.0,0.0
2437,75.0,24.0,-30.0,16.0,0.0
2438,74.0,22.0,-28.0,16.0,0.0
2439,73.0,21.0,-27.0,17.0,0.0
2440,71.0,19.0,-25.0,18.0,0.0
2441,71.0,18.0,-23.0,24.0,0.0
2442,69.0,17.0,-20.0,30.0,0.0
2443,69.0,16.0,-17.0,31.0,0.0
2444,68.0,15.0,-18.0,32.0,0.0
2445,66.0,13.0,-17.0,33.0,0.0
2446,68.0,14.0,-13.0,35.0,0.0
2447,68.0,14.0,-13.0,34.0,0.0
2448,69.0,13.0,-12.0,34.0,0.0
2449,68.0,13.0,-10.0,34.0,0.0
2450,67.0,14.0,-9.0,35.0,0.0
2451,66.0,14.0,-7.0,36.0,0.0
2452,66.0,14.0,-5.0,38.0,0.0
2453,67.0,15.0,-3.0,38.0,0.0
2454,68.0,15.0,-2.0,37.0,0.0
2455,68.0,14.0,-2.0,36.0,0.0
2456,65.0,10.0,-1.0,35.0,0.0
2457,63.0,9.0,-1.0,34.0,0.0
2458,64.0,7.0,2.0,34.0,0.0
2459,63.0,5.0,5.0,34.0,0.0
2460,64.0,6.0,6.0,35.0,0.0
2461,63.0,5.0,9.0,35.0,0.0
2462,63.0,5.0,10.0,36.0,0.0
2463,63.0,3.0,10.0,35.0,0.0
2464,63.0,1.0,11.0,33.0,0.0
2465,61.0,-3.0,11.0,31.0,0.0
2466,62.0,-3.0,11.0,30.0,0.0
2467,62.0,-3.0,12.0,30.0,0.0
2468,63.0,-4.0,11.0,30.0,0.0
2469,64.0,-4.0,11.0,30.0,0.0
2470,64.0,-4.0,11.0,29.0,0.0
2471,64.0,-5.0,11.0,28.0,0.0
2472,65.0,-4.0,11.0,29.0,0.0
2473,67.0,-1.0,11.0,29.0,0.0
2474,68.0,0.0,11.0,29.0,0.0
2475,69.0,0.0,10.0,29.0,0.0
2476,70.0,0.0,11.0,30.0,0.0
2477,72.0,0.0,11.0,30.0,0.0
2478,73.0,1.0,10.0,29.0,0.0
2479,73.0,1.0,10.0,29.0,0.0
2480,72.0,1.0,10.0,30.0,0.0
2481,72.0,0.0,10.0,30.0,0.0
2482,73.0,1.0,11.0,28.0,0.0
2483,74.0,2.0,12.0,29.0,0.0
2484,74.0,1.0,12.0,29.0,0.0
2485,73.0,0.0,12.0,28.0,0.0
2486,73.0,-1.0,12.0,28.0,0.0
2487,74.0,0.0,12.0,28.0,0.0
2488,74.0,0.0,12.0,28.0,0.0
2489,75.0,0.0,12.0,28.0,0.0
2490,75.0,0.0,12.0,28.0,0.0
2491,75.0,-1.0,13.0,28.0,0.0
2492,76.0,0.0,13.0,28.0,0.0
2493,76.0,0.0,13.0,28.0,0.0
2494,76.0,-1.0,13.0,27.0,0.0
2495,76.0,-1.0,12.0,27.0,0.0
2496,75.0,-2.0,12.0,27.0,0.0
2497,75.0,-2.0,12.0,27.0,0.0
2498,76.0,-2.0,11.0,27.0,0.0
2499,76.0,-3.0,12.0,26.0,0.0
2500,76.0,-4.0,12.0,26.0,0.0
2501,76.0,-4.0,12.0,26.0,0.0
2502,76.0,-4.0,11.0,26.0,0.0
2503,76.0,-4.0,11.0,26.0,0.0
2504,76.0,-4.0,11.0,26.0,0.0
2505,76.0,-4.0,11.0,26.0,0.0
2506,76.0,-4.0,10.0,26.0,0.0
2507,76.0,-5.0,10.0,26.0,0.0
2508,77.0,-4.0,10.0,26.0,0.0
2509,77.0,-5.0,10.0,26.0,0.0
2510,77.0,-5.0,10.0,26.0,0.0
2511,77.0,-5.0,10.0,26.0,0.0
2512,77.0,-5.0,10.0,26.0,0.0
2513,77.0,-5.0,10.0,26.0,0.0
2514,77.0,-5.0,10.0,26.0,0.0
2515,77.0,-5.0,10.0,26.0,0.0
2516,78.0,-4.0,10.0,27.0,0.0
2517,78.0,-4.0,11.0,27.0,0.0
2518,80.0,-1.0,11.0,27.0,0.0
2519,84.0,3.0,11.0,27.0,0.0
2520,87.0,5.0,12.0,27.0,0.0
2521,90.0,9.0,14.0,28.0,0.0
2522,92.0,12.0,14.0,27.0,0.0
2523,92.0,15.0,14.0,27.0,0.0
2524,92.0,17.0,14.0,27.0,0.0
2525,91.0,18.0,14.0,27.0,0.0
2526,91.0,18.0,13.0,27.0,0.0
2527,91.0,19.0,13.0,26.0,0.0
2528,91.0,20.0,12.0,26.0,0.0
2529,91.0,20.0,11.0,25.0,0.0
2530,92.0,20.0,8.0,22.0,0.0
2531,94.0,20.0,9.0,16.0,0.0
2532,93.0,19.0,9.0,13.0,0.0
2533,92.0,19.0,8.0,14.0,0.0
2534,91.0,17.0,7.0,13.0,0.0
2535,92.0,18.0,7.0,10.0,0.0
2536,94.0,20.0,7.0,3.0,0.0
2537,93.0,19.0,6.0,1.0,0.0
2538,92.0,19.0,5.0,0.0,0.0
2539,92.0,20.0,5.0,-1.0,0.0
2540,92.0,20.0,4.0,-2.0,0.0
2541,92.0,20.0,4.0,-2.0,0.0
2542,91.0,20.0,3.0,-3.0,0.0
2543,91.0,21.0,3.0,-4.0,0.0
2544,91.0,21.0,3.0,-5.0,0.0
2545,90.0,21.0,2.0,-5.0,0.0
2546,90.0,21.0,2.0,-6.0,0.0
2547,90.0,22.0,1.0,-6.0,0.0
2548,90.0,22.0,1.0,-7.0,0.0
2549,90.0,22.0,1.0,-7.0,0.0
2550,89.0,22.0,0.0,-8.0,0.0
2551,89.0,22.0,0.0,-8.0,0.0
2552,89.0,23.0,0.0,-10.0,0.0
2553,89.0,23.0,-1.0,-11.0,0.0
2554,89.0,24.0,-1.0,-12.0,0.0
2555,89.0,24.0,-1.0,-12.0,0.0
2556,88.0,24.0,-1.0,-13.0,0.0
2557,88.0,24.0,-2.0,-13.0,0.0
2558,88.0,24.0,-2.0,-14.0,0.0
2559,88.0,24.0,-2.0,-14.0,0.0
2560,88.0,24.0,-2.0,-14.0,0.0
2561,88.0,24.0,-3.0,-15.0,0.0
2562,88.0,24.0,-3.0,-15.0,0.0
2563,88.0,24.0,-3.0,-15.0,0.0
2564,87.0,25.0,-3.0,-15.0,0.0
2565,87.0,25.0,-4.0,-16.0,0.0
2566,87.0,25.0,-4.0,-16.0,0.0
2567,87.0,25.0,-4.0,-16.0,0.0
2568,87.0,25.0,-4.0,-16.0,0.0
2569,87.0,25.0,-4.0,-17.0,0.0
2570,87.0,25.0,-4.0,-17.0,0.0
2571,87.0,25.0,-5.0,-17.0,0.0
2572,87.0,25.0,-5.0,-17.0,0.0
2573,87.0,26.0,-5.0,-17.0,0.0
2574,87.0,26.0,-5.0,-18.0,0.0
2575,87.0,26.0,-5.0,-18.0,0.0
2576,87.0,26.0,-5.0,-18.0,0.0
2577,87.0,26.0,-5.0,-18.0,0.0
2578,86.0,26.0,-5.0,-18.0,0.0
2579,86.0,26.0,-6.0,-18.0,0.0
2580,86.0,25.0,-6.0,-18.0,0.0
2581,86.0,25.0,-6.0,-18.0,0.0
2582,86.0,25.0,-6.0,-18.0,0.0
2583,86.0,26.0,-6.0,-18.0,0.0
2584,86.0,26.0,-6.0,-18.0,0.0
2585,86.0,26.0,-6.0,-19.0,0.0
2586,86.0,26.0,-6.0,-19.0,0.0
2587,86.0,26.0,-6.0,-19.0,0.0
2588,86.0,26.0,-6.0,-19.0,0.0
2589,86.0,26.0,-6.0,-19.0,0.0
2590,86.0,26.0,-7.0,-19.0,0.0
2591,86.0,26.0,-7.0,-19.0,0.0
2592,86.0,26.0,-7.0,-19.0,0.0
2593,86.0,26.0,-7.0,-19.0,0.0
2594,86.0,26.0,-7.0,-20.0,0.0
2595,86.0,26.0,-7.0,-20.0,0.0
2596,86.0,26.0,-7.0,-20.0,0.0
2597,86.0,26.0,-7.0,-20.0,0.0
2598,86.0,26.0,-7.0,-20.0,0.0
2599,86.0,26.0,-7.0,-20.0,0.0
2600,86.0,26.0,-7.0,-20.0,0.0
2601,86.0,26.0,-7.0,-20.0,0.0
2602,85.0,26.0,-7.0,-20.0,0.0
2603,85.0,26.0,-7.0,-20.0,0.0
2604,85.0,26.0,-7.0,-20.0,0.0
2605,85.0,26.0,-7.0,-20.0,0.0
2606,85.0,26.0,-7.0,-20.0,0.0
2607,85.0,26.0,-7.0,-20.0,0.0
2608,85.0,26.0,-8.0,-20.0,0.0
2609,85.0,26.0,-8.0,-20.0,0.0
2610,85.0,26.0,-8.0,-20.0,0.0
2611,85.0,26.0,-8.0,-20.0,0.0
2612,85.0,26.0,-8.0,-20.0,0.0
2613,85.0,26.0,-8.0,-20.0,0.0
2614,85.0,26.0,-8.0,-20.0,0.0
2615,85.0,26.0,-8.0,-20.0,0.0
2616,85.0,26.0,-8.0,-21.0,0.0
2617,85.0,26.0,-8.0,-21.0,0.0
2618,85.0,26.0,-8.0,-21.0,0.0
2619,85.0,26.0,-8.0,-21.0,0.0
2620,85.0,26.0,-8.0,-21.0,0.0
2621,85.0,26.0,-8.0,-21.0,0.0
2622,85.0,26.0,-8.0,-21.0,0.0
2623,85.0,26.0,-8.0,-21.0,0.0
2624,85.0,26.0,-8.0,-21.0,0.0
2625,85.0,26.0,-8.0,-21.0,0.0
2626,85.0,26.0,-8.0,-21.0,0.0
2627,85.0,26.0,-8.0,-21.0,0.0
2628,85.0,26.0,-8.0,-21.0,0.0
2629,85.0,26.0,-8.0,-21.0,0.0
2630,85.0,26.0,-8.0,-21.0,0.0
2631,85.0,26.0,-8.0,-21.0,0.0
2632,85.0,26.0,-8.0,-21.0,0.0
2633,85.0,26.0,-8.0,-21.0,0.0
2634,85.0,26.0,-8.0,-21.0,0.0
2635,85.0,26.0,-8.0,-21.0,0.0
2636,85.0,26.0,-8.0,-21.0,0.0
2637,85.0,26.0,-8.0,-21.0,0.0
2638,85.0,26.0,-8.0,-21.0,0.0
2639,85.0,26.0,-9.0,-21.0,0.0
2640,85.0,26.0,-9.0,-21.0,0.0
2641,85.0,26.0,-9.0,-21.0,0.0
2642,85.0,25.0,-9.0,-21.0,0.0
2643,85.0,25.0,-9.0,-21.0,0.0
2644,86.0,25.0,-9.0,-21.0,0.0
2645,86.0,25.0,-9.0,-21.0,0.0
2646,86.0,25.0,-9.0,-21.0,0.0
2647,86.0,25.0,-9.0,-21.0,0.0
2648,86.0,25.0,-9.0,-21.0,0.0
2649,86.0,25.0,-9.0,-21.0,0.0
2650,86.0,25.0,-9.0,-21.0,0.0
2651,86.0,25.0,-9.0,-21.0,0.0
2652,86.0,26.0,-9.0,-21.0,0.0
2653,86.0,26.0,-9.0,-21.0,0.0
2654,86.0,26.0,-9.0,-21.0,0.0
2655,86.0,26.0,-9.0,-21.0,0.0
2656,86.0,25.0,-9.0,-21.0,0.0
2657,86.0,25.0,-9.0,-21.0,0.0
2658,86.0,25.0,-9.0,-21.0,0.0
2659,86.0,25.0,-9.0,-21.0,0.0
2660,86.0,25.0,-9.0,-21.0,0.0
2661,86.0,25.0,-9.0,-21.0,0.0
2662,86.0,25.0,-9.0,-21.0,0.0
2663,86.0,25.0,-9.0,-21.0,0.0
2664,86.0,25.0,-9.0,-21.0,0.0
2665,86.0,25.0,-9.0,-21.0,0.0
2666,86.0,25.0,-9.0,-21.0,0.0
2667,86.0,25.0,-9.0,-21.0,0.0
2668,86.0,25.0,-9.0,-21.0,0.0
2669,86.0,25.0,-9.0,-21.0,0.0
2670,86.0,25.0,-9.0,-21.0,0.0
2671,86.0,25.0,-9.0,-21.0,0.0
2672,86.0,25.0,-9.0,-21.0,0.0
2673,86.0,25.0,-9.0,-21.0,0.0
2674,86.0,25.0,-9.0,-21.0,0.0
2675,86.0,25.0,-9.0,-21.0,0.0
2676,86.0,25.0,-9.0,-21.0,0.0
2677,86.0,25.0,-9.0,-21.0,0.0
2678,86.0,25.0,-9.0,-21.0,0.0
2679,86.0,25.0,-10.0,-21.0,0.0
2680,86.0,25.0,-10.0,-21.0,0.0
2681,86.0,25.0,-10.0,-21.0,0.0
2682,86.0,25.0,-10.0,-21.0,0.0
2683,86.0,25.0,-10.0,-21.0,0.0
2684,86.0,25.0,-10.0,-21.0,0.0
2685,87.0,26.0,-10.0,-21.0,0.0
2686,89.0,34.0,-9.0,-13.0,0.0
2687,86.0,35.0,-5.0,-5.0,0.0
2688,81.0,33.0,-1.0,1.0,0.0
2689,68.0,20.0,6.0,3.0,0.0
2690,47.0,1.0,11.0,0.0,0.0
2691,37.0,-10.0,11.0,-3.0,0.0
2692,28.0,-18.0,9.0,-4.0,0.0
2693,26.0,-22.0,8.0,-1.0,0.0
2694,24.0,-25.0,6.0,0.0,0.0
2695,23.0,-26.0,4.0,1.0,0.0
2696,23.0,-27.0,5.0,0.0,0.0
2697,27.0,-27.0,4.0,-4.0,0.0
2698,27.0,-28.0,4.0,-5.0,0.0
2699,28.0,-28.0,3.0,-6.0,0.0
2700,29.0,-28.0,2.0,-2.0,0.0
2701,27.0,-31.0,1.0,0.0,0.0
2702,31.0,-31.0,0.0,-6.0,0.0
2703,33.0,-28.0,-1.0,-7.0,0.0
2704,30.0,-31.0,-1.0,-5.0,0.0
2705,29.0,-31.0,-2.0,-5.0,0.0
2706,33.0,-29.0,-3.0,-8.0,0.0
2707,33.0,-30.0,-3.0,-8.0,0.0
2708,30.0,-32.0,-3.0,-3.0,0.0
2709,30.0,-33.0,-4.0,-3.0,0.0
2710,30.0,-33.0,-4.0,-2.0,0.0
2711,29.0,-34.0,-4.0,-2.0,0.0
2712,29.0,-34.0,-6.0,-2.0,0.0
2713,29.0,-35.0,-7.0,-2.0,0.0
2714,29.0,-36.0,-7.0,-1.0,0.0
2715,29.0,-37.0,-7.0,-1.0,0.0
2716,29.0,-37.0,-7.0,-1.0,0.0
2717,29.0,-38.0,-7.0,-1.0,0.0
2718,29.0,-38.0,-10.0,-2.0,0.0
